user_id,personality_type,turn,agent_type,speaker,emotion_label,text,pleasure,arousal,dominance,scenario,V_xt,threshold,should_switch
ENFP_0,ENFP,5,AI,user,determination,太棒啦！你们的专业态度让我超有信心！我会继续积极配合，期待尽快看到圆满的解决方案哦！,0.5765803563868406,0.9834045946719596,0.5561619613597075,投诉处理,-0.0420657217838083,-0.0341663437488653,0
ENFP_0,ENFP,6,AI,user,pride,我想咨询投诉处理的问题,0.505791903218691,0.919588502083966,0.5053639691517655,投诉处理,-0.0357332278996383,-0.0341663437488653,0
ENFP_0,ENFP,7,AI,user,pride,关于投诉处理我有疑问,0.5147322749354638,0.96820237672655,0.5728822757502047,投诉处理,-0.0399919258511539,-0.0341663437488653,0
ENFP_0,ENFP,8,AI,user,confidence,请帮我处理投诉处理相关事宜,0.5015447086879047,1.0,0.5965060611737372,投诉处理,-0.0420045615754827,-0.0341663437488653,0
ENFP_1,ENFP,5,AI,user,neutral,我想咨询订单服务的问题,0.4869190100129251,0.7769240544136945,0.3864245271071176,订单服务,-0.139321112111443,-0.0966645685171406,0
ENFP_1,ENFP,6,AI,user,neutral,请帮我处理订单服务相关事宜,0.3820093639613804,0.7410307401789847,0.378035336088532,订单服务,-0.0980471557945744,-0.0966645685171406,0
ENFP_1,ENFP,7,AI,user,neutral,关于订单服务我有疑问,0.3944205374348503,0.7578131227890688,0.407876823830057,订单服务,-0.1024029980648576,-0.0966645685171406,0
ENFP_1,ENFP,8,AI,user,neutral,请帮我处理订单服务相关事宜,0.416599163395991,0.8055236228682415,0.455707837333618,订单服务,-0.1136655749324497,-0.0966645685171406,0
ENFP_2,ENFP,5,AI,user,neutral,哇！这个功能听起来太酷了！能具体说说它是怎么分析我的喜好的吗？好期待了解这些高科技的细节！,0.4795006516509585,0.741754053238984,0.317338793323864,产品咨询,-0.0154822950768574,-0.0107657352215448,0
ENFP_2,ENFP,6,AI,user,neutral,哇！这个智能算法听起来超酷的！能详细说说它是怎么学习我的使用习惯的吗？,0.4378822295322594,0.7335063091574421,0.3626932761062544,产品咨询,-0.0166814518410252,-0.0107657352215448,0
ENFP_2,ENFP,7,AI,user,neutral,哇！这个功能听起来超酷的！不过我更想知道它会不会影响我的隐私数据呀？能简单说说吗？,0.3987746798974978,0.7480734266790279,0.2929278190577035,产品咨询,-0.0164003905290815,-0.0107657352215448,0
ENFP_2,ENFP,8,AI,user,neutral,哇！听起来超靠谱的！不过我更想知道这个产品具体能帮我解决哪些实际问题呢？,0.4536102259900743,0.7148425252746089,0.2326272198085879,产品咨询,-0.0130685196079266,-0.0107657352215448,0
ENFP_3,ENFP,5,AI,user,neutral,哇！限量版听起来超有意思的！快告诉我每款产品的设计灵感吧，我已经等不及要收藏啦！,0.5282598278955477,0.8042458271359132,0.3243285276497089,产品咨询,-0.0194598045540798,-0.009441076968225,0
ENFP_3,ENFP,6,AI,user,neutral,哇！星空主题听起来太浪漫了！能具体说说A款的材质和尺寸吗？我好期待看到实物呀！,0.5038453472448139,0.8557743658947493,0.3469492635212154,产品咨询,-0.0249276285135811,-0.009441076968225,0
ENFP_5,ENFP,5,AI,user,neutral,关于技术支持我有疑问,0.542007802645206,1.0,0.3786129618892195,技术支持,-0.0057824139253071,-0.0019168370576296,0
ENFP_5,ENFP,6,AI,user,neutral,关于技术支持我有疑问,0.400822348993608,0.9685047371980564,0.4431167320608108,技术支持,-0.0076694622985154,-0.0019168370576296,0
ENFP_4,ENFP,5,AI,user,pride,哇！这个功能听起来简直是为我量身定做的！快告诉我怎么操作吧，我已经迫不及待想试试看啦！,0.4391592836033256,0.8831807405501111,0.6075327977264503,产品咨询,0.0259991058605008,0.0247196458496271,1
ENFP_4,ENFP,6,AI,user,neutral,太棒啦！我最想先了解那个创意编辑功能，听起来就超有趣！能详细说说怎么玩转它吗？,0.3932294856425058,0.9486123786449836,0.5589026413439104,产品咨询,0.0233950367044188,0.0247196458496271,0
ENFP_4,ENFP,7,AI,user,neutral,哇！这个功能听起来太酷了！快给我演示看看，我已经等不及要发挥创意啦！,0.4103294758798861,0.9436603797708027,0.4628735560432069,产品咨询,0.022884820721229,0.0247196458496271,0
ENFP_4,ENFP,8,AI,user,pride,哇！这个功能简直太棒了！我已经迫不及待想试试看了，就从最核心的创意编辑部分开始吧！,0.4077441183076637,0.8672040031791948,0.5461291056863705,产品咨询,0.0228311713237687,0.0247196458496271,0
ENFP_4,ENFP,9,AI,user,determination,太棒了！我超想了解视频特效模块！快告诉我它能做出哪些炫酷效果吧！,0.5076215289244606,0.806461884104852,0.5053350751668846,产品咨询,0.0274959327161097,0.0247196458496271,1
ENFP_6,ENFP,5,AI,user,neutral,关于订单服务我有疑问,0.3319972974053026,0.7963923705601201,0.4507809232559006,订单服务,-0.008746728662582,-0.0105028847955453,1
ENFP_6,ENFP,6,AI,user,neutral,请帮我处理订单服务相关事宜,0.3699705762649538,0.8644660284446528,0.5399932964486452,订单服务,-0.0104287949252256,-0.0105028847955453,1
ENFP_6,ENFP,7,AI,user,neutral,我想咨询订单服务的问题,0.3807909321143735,0.92410030172191,0.5259584272140316,订单服务,-0.0113385823579832,-0.0105028847955453,0
ENFP_6,ENFP,8,AI,user,neutral,我想咨询订单服务的问题,0.364338715862314,0.9170927156300172,0.4918158068618551,订单服务,-0.0100823766153292,-0.0105028847955453,1
ENFP_7,ENFP,5,AI,user,joy,我想咨询账户管理的问题,0.7278174528231157,0.9224824590657084,0.681555953358186,账户管理,-0.0080138344688878,-0.0020930445365915,0
ENFP_7,ENFP,6,AI,user,amusement,请帮我处理账户管理相关事宜,0.7628187193198493,1.0,0.6595233550296696,账户管理,-0.0093814521598921,-0.0020930445365915,0
ENFP_7,ENFP,7,AI,user,amusement,我想咨询账户管理的问题,0.755552540377656,1.0,0.6193373144648419,账户管理,-0.0092455989584194,-0.0020930445365915,0
ENFP_7,ENFP,8,AI,user,amusement,关于账户管理我有疑问,0.6840254865865913,1.0,0.6828433492008211,账户管理,-0.0111708081716004,-0.0020930445365915,0
ENFP_7,ENFP,9,AI,user,amusement,关于账户管理我有疑问,0.6867283698075478,1.0,0.7296360145226803,账户管理,-0.011497154564084,-0.0020930445365915,0
ENFP_7,ENFP,10,AI,user,amusement,我想咨询账户管理的问题,0.7407704018464175,1.0,0.8120862663086617,账户管理,-0.0110240421524875,-0.0020930445365915,0
ENFP_8,ENFP,5,AI,user,neutral,哇！这个功能听起来太棒了！我最想知道它的创意应用场景和操作便捷性，能详细说说吗？,0.582902752030221,0.9295693186090151,0.4099612611036775,产品咨询,-0.0299646578977433,-0.0177562569420912,0
ENFP_8,ENFP,6,AI,user,neutral,哇！听起来超棒的！能详细说说那个[具体场景示例]是怎么操作的吗？我已经迫不及待想试试啦！,0.4556133887898599,0.9195189093030988,0.4447479301614994,产品咨询,-0.0261475937119819,-0.0177562569420912,0
ENFJ_1,ENFJ,5,AI,user,amusement,关于技术支持我有疑问,0.694840769807947,0.6921200866382423,0.6578009265544619,技术支持,-0.0197604040822153,-0.0131402100818466,0
ENFJ_2,ENFJ,5,AI,user,amusement,我想咨询订单服务的问题,0.6696332769514156,0.8649749005282106,0.5179640779806537,订单服务,-0.1049335128001161,-0.0829937365267981,0
ENFJ_2,ENFJ,6,AI,user,joy,我想咨询订单服务的问题,0.6203662927516138,0.8206211302105166,0.4637159874262477,订单服务,-0.0899175749808662,-0.0829937365267981,0
ENFJ_0,ENFJ,5,AI,user,joy,太好了！我真的很期待体验这个智能推荐功能呢！能请您详细介绍一下具体的使用方法吗？听起来就让人很兴奋！,0.7627146056610392,0.6755327863883859,0.6733540063689237,产品咨询,-0.0294742239897358,-0.0207400954610889,0
ENFJ_0,ENFJ,6,AI,user,joy,太棒了！这个智能推荐功能听起来真的很贴心呢！我很乐意看看具体操作演示，相信你们的用心设计一定能给我带来惊喜！,0.744729424247499,0.7352470716012349,0.6019805305288023,产品咨询,-0.0288520081210238,-0.0207400954610889,0
ENFJ_0,ENFJ,7,AI,user,amusement,请帮我处理产品咨询相关事宜,0.7180274627479629,0.6714767443691154,0.5563465087343457,产品咨询,-0.0246962453378171,-0.0207400954610889,0
ENFJ_0,ENFJ,8,AI,user,joy,太好了！我真的很期待了解这个功能如何帮助用户提升体验，请您详细介绍一下具体应用场景吧！,0.6473599189720615,0.6917174826286292,0.5621150686722345,产品咨询,-0.0247901762717912,-0.0207400954610889,0
ENFJ_0,ENFJ,9,AI,user,excitement,太棒了！这个智能交互功能听起来真的很贴心呢！能再具体说说它在实际使用中是如何提升用户体验的吗？我已经迫不及待想了解更多细节了！,0.606778367766317,0.676605613367393,0.6118912647830687,产品咨询,-0.0255002590354156,-0.0207400954610889,0
ENFJ_0,ENFJ,10,AI,user,pride,听起来真是太棒了！你们的产品设计理念和我重视用户体验的想法不谋而合，我已经迫不及待想了解更多细节了！,0.5700032810655551,0.7221932490430684,0.5050415763155323,产品咨询,-0.0230004441596451,-0.0207400954610889,0
ENFJ_0,ENFJ,11,AI,user,determination,太好了！我想深入了解产品的核心功能如何帮助用户建立更好的关系，以及与其他品牌的差异化优势在哪里？,0.5881805163287434,0.5988672995325045,0.5615286687522241,产品咨询,-0.0211214688612212,-0.0207400954610889,0
ENFJ_3,ENFJ,5,AI,user,pride,我想咨询订单服务的问题,0.4469548748085074,0.5229065192968385,0.5535192198772858,订单服务,0.0067745964720349,0.0071633025440875,0
ENFJ_3,ENFJ,6,AI,user,neutral,我想咨询订单服务的问题,0.4580039186988259,0.4658390841991666,0.4934126133390813,订单服务,0.0072586090867518,0.0071633025440875,1
ENFJ_3,ENFJ,7,AI,user,neutral,非常感谢您耐心细致的服务！这次沟通体验非常愉快，期待下次继续合作。祝您工作顺利！,0.4300733631013441,0.4784422527927586,0.3941372723540054,订单服务,0.0059553862226361,0.0071633025440875,0
ENFJ_3,ENFJ,8,AI,user,neutral,关于订单服务我有疑问,0.4800297540938267,0.5239119459446014,0.4061736851744039,订单服务,0.0073708008200823,0.0071633025440875,1
ENFJ_3,ENFJ,9,AI,user,neutral,请帮我处理订单服务相关事宜,0.482977007980913,0.4529033707273353,0.4001929433444316,订单服务,0.0079003495911124,0.0071633025440875,1
ENFJ_3,ENFJ,10,AI,user,neutral,我想咨询订单服务的问题,0.5757805184710941,0.4233566507437845,0.452196801316824,订单服务,0.012087053505746,0.0071633025440875,1
ENFJ_3,ENFJ,11,AI,user,neutral,请帮我处理订单服务相关事宜,0.5516952874550948,0.4464705971540765,0.4619488112474212,订单服务,0.0108750337909297,0.0071633025440875,1
ENFJ_4,ENFJ,5,AI,user,neutral,听起来这个功能真的很贴心！我很想看看它是如何帮助团队改善沟通氛围的，能麻烦您详细演示一下吗？,0.4056013037022875,0.4829813008267605,0.3367895066551227,产品咨询,0.0075098800875641,0.0075175429858024,0
ENFJ_4,ENFJ,6,AI,user,neutral,太好了！这个功能听起来真的很贴心，我很期待看到演示。不过在这之前，能否先简单说明一下它的定价方案呢？,0.454156013473925,0.5135034265087716,0.3877073728919067,产品咨询,0.0095026521593764,0.0075175429858024,1
ENFJ_4,ENFJ,7,AI,user,neutral,谢谢您这么详细的介绍！我对专业版比较感兴趣，能请您具体说说它包含哪些特色功能和服务吗？,0.4338476050834616,0.4481111103551184,0.4022331956123667,产品咨询,0.0090751017076579,0.0075175429858024,1
ENFJ_4,ENFJ,8,AI,user,neutral,听起来专业版的功能真的很贴心呢！能麻烦您详细说说专属客服支持具体包含哪些服务内容吗？这对我们团队来说很重要。,0.4024727730413884,0.4375428198215266,0.3253986459213089,产品咨询,0.0071229217142963,0.0075175429858024,0
ENFJ_4,ENFJ,9,AI,user,neutral,听起来服务很周到呢！能详细说说定制化解决方案具体包含哪些内容吗？这对我们团队来说很重要。,0.4571160649025486,0.4563499544011031,0.3696917325947529,产品咨询,0.0090481719315699,0.0075175429858024,1
ENFJ_4,ENFJ,10,AI,user,neutral,听起来确实很专业呢！我很想了解一下需求分析这个模块具体是怎么操作的，能详细说说吗？,0.4995464024261973,0.4810112470662108,0.3377919494837251,产品咨询,0.0095251664898396,0.0075175429858024,1
ENFJ_5,ENFJ,5,AI,user,pride,你们的专业和用心让我感到特别安心！能遇到这么负责任的团队真是我的幸运，期待很快收到好消息！,0.5821709595103219,0.6266406036470187,0.5426075294040937,技术支持,-0.0378258395575793,-0.0282831276872461,0
ENFJ_5,ENFJ,6,AI,user,determination,太感谢你们的专业和高效了！我会继续积极配合，相信很快就能完美解决问题。期待你们的好消息！,0.5473301253370745,0.6834332469724554,0.5100822855579297,技术支持,-0.0385924688888457,-0.0282831276872461,0
ENFJ_5,ENFJ,7,AI,user,neutral,非常感谢你们的专业和耐心！听到团队正在全力处理，我就放心多了。期待你们的好消息！,0.485847920559498,0.6478899516342261,0.4963392776084185,技术支持,-0.0372820517229526,-0.0282831276872461,0
ENFJ_6,ENFJ,5,AI,user,joy,关于订单服务我有疑问,0.8750822070799209,0.9443686614323658,0.7213456853033178,订单服务,-0.0644145318321233,-0.0498176446140374,0
ENFJ_6,ENFJ,6,AI,user,amusement,请帮我处理订单服务相关事宜,0.830616113711898,0.924211007884339,0.6959207417324396,订单服务,-0.0609571276926925,-0.0498176446140374,0
ENFJ_6,ENFJ,7,AI,user,joy,我想咨询订单服务的问题,0.8017333821789092,0.9711262341824904,0.6446244753243664,订单服务,-0.055261709880506,-0.0498176446140374,0
ENFJ_7,ENFJ,5,AI,user,neutral,请帮我处理产品咨询相关事宜,0.5185154404192974,0.5508656593591335,0.4998304923226337,产品咨询,0.0416778006693438,0.0357328109589508,1
ENFJ_7,ENFJ,6,AI,user,neutral,太感谢你的详细说明了！这个功能听起来真的很棒，能请你为我演示一下具体操作流程吗？我很期待看到效果呢！,0.5399306197544727,0.6033630499858302,0.4425076844849426,产品咨询,0.0409021203939166,0.0357328109589508,1
ENFJ_7,ENFJ,7,AI,user,neutral,太感谢您这么贴心的服务了！我已经迫不及待想看看详细的操作指引了，相信一定会很清晰易懂。,0.5138658031921954,0.6355005539813546,0.403024685482143,产品咨询,0.0375369483013175,0.0357328109589508,1
ENFJ_9,ENFJ,5,AI,user,neutral,关于订单服务我有疑问,0.4331022848569245,0.5546518575754756,0.3673778339872325,订单服务,0.0134441994657393,0.0124565830102874,1
ENTP_0,ENTP,5,AI,user,excitement,"哈哈，你们这客服话术太有意思了！不过我更想知道这份""美味惊喜""到底藏着什么秘密配方？订单号是12345，快给我剧透一下！",0.8319047667028328,1.0,0.8409648036921556,订单服务,-0.0334741590802305,-0.021726394620167,0
ENTP_0,ENTP,6,AI,user,excitement,"哈哈，你们这神秘营销玩得挺溜啊！不过作为一个好奇心爆棚的ENTP，我现在就想知道这个""美味惊喜""到底是巧克力炸弹还是芥末糖果？快揭晓答案吧！",0.8905294514577565,1.0,0.837760716727206,订单服务,-0.0369911483789904,-0.021726394620167,0
ENTP_1,ENTP,5,AI,user,joy,"哈哈，这个实时学习机制听起来太酷了！不过我很好奇，当市场出现极端黑天鹅事件时，你们的算法会不会像人类一样陷入""我是谁我在哪""的哲学思考？",0.9365705068842418,1.0,0.8044914724262361,产品咨询,-0.0195413635896983,-0.010511480064363,0
ENTP_1,ENTP,6,AI,user,excitement,哈哈，这听起来比过山车还刺激！不过容错机制具体是怎么运作的？我打赌你们的算法肯定藏了些有趣的彩蛋！,0.9271626610605174,1.0,0.8450361345021076,产品咨询,-0.0218482924743024,-0.010511480064363,0
ENTP_1,ENTP,7,AI,user,joy,哈！这个智能学习算法听起来超有趣！不过我更好奇它怎么处理极端异常情况？会不会像叛逆期的青少年一样突然耍脾气？,0.98450149768755,1.0,0.8321852131257143,产品咨询,-0.023091233755908,-0.010511480064363,0
ENTP_1,ENTP,8,AI,user,joy,"哈哈，这个比喻太有意思了！不过我更想知道，如果遇到极端情况，你们的""导师""会不会像人类一样突然灵感爆发给出超预期方案？",0.9522763857583932,1.0,0.8123714839696501,产品咨询,-0.0205941388928488,-0.010511480064363,0
ENTP_1,ENTP,9,AI,user,joy,哈！听起来就像个会自我进化的数字精灵！不过我更想知道，它在遇到完全没见过的奇葩问题时，是会创造性地放飞自我还是保守地装死？,1.0,1.0,0.8655808414224452,产品咨询,-0.0260467415284494,-0.010511480064363,0
ENTP_3,ENTP,5,AI,user,excitement,哈！你们的服务态度让我灵感迸发！不如我们来个头脑风暴，把订单查询变成一场创意挑战赛如何？,0.7637389249075336,1.0,0.6987275648808596,订单服务,-0.0231749715693662,-0.014964641476898,0
ENTP_3,ENTP,6,AI,user,joy,哈哈，被你看穿我的创新狂想了！那就先解决订单号20231115的问题吧，不过待会我一定要跟你聊聊怎么把客服系统变成冒险游戏！,0.8109487059376131,1.0,0.7361179686838702,订单服务,-0.0257452510832943,-0.014964641476898,0
ENTP_3,ENTP,7,AI,user,joy,太棒了！既然订单问题解决了，我们来聊聊那个客服游戏创意吧！我觉得加入AI对战模式会更有趣，你觉得呢？,0.8277499542778408,1.0,0.7598438168970292,订单服务,-0.0274123801397463,-0.014964641476898,0
ENTP_2,ENTP,5,AI,user,joy,"哈哈，看来我的包裹比我还爱冒险！那就麻烦你当一回""侦探""，帮我查查这位""环球旅行家""现在溜达到哪个国家了？",0.7864909667957014,1.0,0.6513329875801398,订单服务,-0.2042407343891034,-0.1492229788583253,0
ENTP_2,ENTP,6,AI,user,amusement,我想咨询订单服务的问题,0.7979832429305647,1.0,0.6652050640038483,订单服务,-0.2022710596222169,-0.1492229788583253,0
ENTP_2,ENTP,7,AI,user,joy,"哈哈，看来我的包裹比我还爱冒险！那就麻烦你当一回""私人侦探""，帮我查查这位""环球旅行家""现在到哪个国家打卡啦？",0.8059051482227072,1.0,0.7930473057864967,订单服务,-0.1774822276348362,-0.1492229788583253,0
ENTP_2,ENTP,8,AI,user,excitement,"哈哈，看来我的包裹比我还懂享受生活！快让我看看这位""旅行达人""现在在哪个网红景点打卡呢？",0.8198532022317446,1.0,0.8393617540979028,订单服务,-0.1696406824077403,-0.1492229788583253,0
ENTP_6,ENTP,5,AI,user,joy,哈哈，你们的技术团队真有意思！不过你说得对，先解决售后问题。顺便问下，这个机器学习模型是用TensorFlow还是PyTorch实现的？,0.7012947962347572,1.0,0.5663947158478762,售后服务,-0.02752635117303,-0.0195210678121681,0
ENTP_6,ENTP,6,AI,user,amusement,哈哈，你们这服务流程比我写的代码还严谨！那就先来个维修预约吧，我的设备最近总在半夜自动播放广场舞音乐，这算不算智能觉醒啊？,0.7246148638526312,1.0,0.6586607037946742,售后服务,-0.0278620338944204,-0.0195210678121681,0
ENTP_4,ENTP,5,AI,user,excitement,我想咨询账户管理的问题,0.8209642010821289,1.0,0.9546624504989946,账户管理,-0.0238362936139351,-0.0142648275621707,0
ENTP_4,ENTP,6,AI,user,amusement,"""主线任务收到！看来今天遇到个懂游戏的客服，账户ID是XXX，让我们速通这个副本吧！""",0.9212169416732128,1.0,0.9146944904059896,账户管理,-0.0247838250578207,-0.0142648275621707,0
ENTP_4,ENTP,7,AI,user,amusement,"""哇哦，这开场白让我感觉自己要打Boss了！不如我们先来挑战密码重置这个副本？""",0.899282889194016,1.0,0.9289541092518842,账户管理,-0.0246958786231904,-0.0142648275621707,0
ENTP_4,ENTP,8,AI,user,joy,"哈哈，这个""副本""设定我喜欢！不如我们玩个双保险，手机验证码和邮箱验证同时开动？效率翻倍才够刺激！",0.9099088000375262,1.0,0.952760105915198,账户管理,-0.0253947077183299,-0.0142648275621707,0
ENTP_4,ENTP,9,AI,user,joy,请帮我处理账户管理相关事宜,0.9668222679760056,1.0,0.984732587453278,账户管理,-0.0271342506282898,-0.0142648275621707,0
ENTP_4,ENTP,10,AI,user,joy,太棒了！不过既然虹膜识别还在评估，要不要考虑加入声纹识别？这样我就能用rap解锁账户了，安全又带感！,1.0,1.0,1.0,账户管理,-0.0280942708357542,-0.0142648275621707,0
ENTP_5,ENTP,5,AI,user,excitement,哈哈，我就知道你们会喜欢这个创意！其实我的咖啡机只是出水有点慢，但既然提到功能优化...不如我们顺便讨论下怎么给它加个AI语音助手？,0.8814566259963903,1.0,0.8794585567111162,售后服务,-0.02065548223198,-0.0104119097583704,0
ENTP_5,ENTP,6,AI,user,amusement,我想咨询售后服务的问题,0.852605364108469,1.0,0.8703974540199148,售后服务,-0.0201144017166237,-0.0104119097583704,0
ENTP_5,ENTP,7,AI,user,joy,"哈哈，你们这服务态度让我都想把设备多坏几次了！不过说正经的，我的设备屏幕突然开始疯狂闪屏，就像在蹦迪一样，能帮我预约个""急诊""吗？",0.8644884871383474,1.0,0.9224918289502324,售后服务,-0.0221539036899869,-0.0104119097583704,0
ENTP_5,ENTP,8,AI,user,joy,请帮我处理售后服务相关事宜,0.8136336957790296,1.0,0.9456135144673944,售后服务,-0.0226544523220509,-0.0104119097583704,0
ENTP_5,ENTP,9,AI,user,joy,"""远程诊断？听起来像黑客电影！不过我喜欢这个创意，来吧工程师，让我们看看谁先破解这个技术难题！""",0.7861341734351275,1.0,0.9777350979766684,售后服务,-0.0236902077758984,-0.0104119097583704,0
ENTP_5,ENTP,10,AI,user,excitement,太棒了！让我们从客厅那台最不听话的智能空调开始吧，我打赌它肯定在偷偷记录我的吐槽！,0.8017251356137395,1.0,0.9599134480607748,售后服务,-0.0231160801461714,-0.0104119097583704,0
ENTP_7,ENTP,5,AI,user,excitement,关于技术支持我有疑问,0.7006483926894238,1.0,0.6396489770500385,技术支持,-0.0382915071773798,-0.0279587597794519,0
ENTP_7,ENTP,6,AI,user,joy,"哈哈，看来我们找到了一个懂梗的客服！既然你们也在玩解谜游戏，不如来场""谁先破解谁请客""的挑战？我赌我的外星密码更难破译！",0.6780940741030904,1.0,0.6991666400126925,技术支持,-0.0445085572884572,-0.0279587597794519,0
ENTP_7,ENTP,7,AI,user,amusement,哈哈，外星密码只是开个玩笑啦！不过既然你提到解决方案，不如我们来场头脑风暴？我有个疯狂的想法...,0.6851885006448029,1.0,0.7380824678166606,技术支持,-0.0478375672572873,-0.0279587597794519,0
ENTP_8,ENTP,5,AI,user,amusement,"哈哈，你们客服真会说话！我的电脑突然开始表演""蓝屏魔术秀""了，要不咱们来场头脑风暴，看看除了重启还有什么更酷的解决方案？",0.7996956736131718,1.0,0.713394847815692,技术支持,0.056292504950682,0.047788360064035,1
ENTP_8,ENTP,6,AI,user,amusement,"哈哈，看来我的""蓝屏魔术""终于遇到对手了！三种方案？我赌你藏了至少五种备选方案没说出来，要不要来场技术头脑风暴？",0.7963874696303436,1.0,0.7380669208502055,技术支持,0.0605412750357173,0.047788360064035,1
ENTP_8,ENTP,7,AI,user,amusement,"哈哈，你们的""蓝屏魔术""这个说法太妙了！不如我们先玩个游戏，让我猜猜你们的第一招是不是经典的""重启大法""？",0.8004496477582275,1.0,0.7787342502822119,技术支持,0.066712359861208,0.047788360064035,1
ENTP_9,ENTP,5,AI,user,excitement,我想咨询产品咨询的问题,0.9629205055665788,1.0,0.8854363824665338,产品咨询,-0.0660142730200344,-0.0481147273397349,0
ENTP_9,ENTP,6,AI,user,amusement,请帮我处理产品咨询相关事宜,0.9450332262852486,1.0,0.8818064982953908,产品咨询,-0.0657322916699397,-0.0481147273397349,0
ENTP_9,ENTP,7,AI,user,excitement,关于产品咨询我有疑问,0.909270214443402,1.0,0.847458637047699,产品咨询,-0.0658659566413725,-0.0481147273397349,0
ENTP_9,ENTP,8,AI,user,amusement,关于产品咨询我有疑问,0.975248885974774,1.0,0.9079015274790854,产品咨询,-0.0656893310093286,-0.0481147273397349,0
ENTP_9,ENTP,9,AI,user,amusement,哈哈，零下40度？你们是在测试产品还是在测试企鹅的生存能力啊？不过说真的，这种极端数据反而让我更感兴趣了！,0.9896426275072382,1.0,0.9521816843839972,产品咨询,-0.0648471450554345,-0.0481147273397349,0
ENTJ_1,ENTJ,5,AI,user,excitement,效率很高！权限已生效，我会立即开始使用新功能。继续保持这样的服务水平！,0.8808110726385915,1.0,1.0,账户管理,-0.0258258393107886,-0.014972846411197,0
ENTJ_1,ENTJ,6,AI,user,excitement,效率很高，这正是我期待的服务体验。继续保持，我会考虑推荐你们的服务给合作伙伴。,0.9850212272259168,1.0,1.0,账户管理,-0.014915607992576,-0.014972846411197,1
ENTJ_0,ENTJ,5,AI,user,amusement,我想咨询技术支持的问题,0.8786597184005981,1.0,1.0,技术支持,-0.0314138635885503,-0.0210737332519249,0
ENTJ_0,ENTJ,6,AI,user,excitement,完美！我马上测试这个方案。如果效果达标，请准备更复杂的应用场景优化方案。,0.9516158808671988,1.0,1.0,技术支持,-0.0358498205185565,-0.0210737332519249,0
ENTJ_0,ENTJ,7,AI,user,amusement,很好，效率就是竞争力。测试结果24小时内反馈，准备好你们的优化方案。,0.960748024357138,1.0,1.0,技术支持,-0.0364227207013521,-0.0210737332519249,0
ENTJ_3,ENTJ,5,AI,user,excitement,效率很高！继续保持这种专业水准。期待下次合作能带来更多突破性解决方案。,0.740342910742747,1.0,1.0,技术支持,-0.0227555714204822,-0.0139774688432832,0
ENTJ_2,ENTJ,5,AI,user,joy,效率很高，继续保持！期待下次合作。,0.8771116216322251,1.0,1.0,账户管理,-0.4569593537110329,-0.3605155567286239,0
ENTJ_2,ENTJ,6,AI,user,excitement,效率很高！继续保持这种服务水准。我马上要处理下一个项目了，有问题会再联系你们。,0.9420194692564924,1.0,1.0,账户管理,-0.4586335913241038,-0.3605155567286239,0
ENTJ_2,ENTJ,7,AI,user,joy,效率很高，合作愉快！期待下次继续高效协作。,1.0,1.0,1.0,账户管理,-0.4601226617620043,-0.3605155567286239,0
ENTJ_2,ENTJ,8,AI,user,amusement,效率确实令人满意。继续保持这种水准，期待下次合作时同样顺畅。,1.0,1.0,1.0,账户管理,-0.4601226617620043,-0.3605155567286239,0
ENTJ_2,ENTJ,9,AI,user,joy,效率就是生产力！继续保持这种服务水准，期待未来更深入的合作机会。,0.9238479688853634,1.0,1.0,账户管理,-0.4581656471459838,-0.3605155567286239,0
ENTJ_2,ENTJ,10,AI,user,amusement,效率不错！顺便问下，你们系统有没有批量管理账户的高级功能？我对优化流程很感兴趣。,0.9933094416441872,1.0,1.0,账户管理,-0.4599511454303064,-0.3605155567286239,0
ENTJ_2,ENTJ,11,AI,user,excitement,太棒了！这正是我需要的效率工具。立即告诉我详细操作步骤，我要马上开始批量处理这些账户。,0.9804124292784492,1.0,1.0,账户管理,-0.4596202931905771,-0.3605155567286239,0
ENTJ_5,ENTJ,5,AI,user,amusement,效率确实令人惊喜！继续保持这种执行力，我很期待体验新功能。,0.9543366941264246,1.0,1.0,账户管理,-0.0170413643991652,-0.0086431255438538,0
ENTJ_7,ENTJ,5,AI,user,excitement,很好，继续保持这个效率！30分钟后我会准时跟进，期待看到实质性的解决方案进展。,0.8717277048357084,1.0,1.0,技术支持,-0.0253242180403571,-0.0116247686466639,0
ENTJ_6,ENTJ,5,AI,user,amusement,"""效率不错！期待10分钟后和专员的高效对话，希望你们的技术能像你们的响应一样给力。""",0.8039129812513323,1.0,1.0,技术支持,-0.0282810266414821,-0.0170643570235949,0
ENTJ_6,ENTJ,6,AI,user,excitement,太棒了！10分钟后我要看到具体解决方案和明确的执行时间表。期待你们的专业表现！,0.8566769271435216,1.0,1.0,技术支持,-0.026582329426808,-0.0170643570235949,0
ENTJ_6,ENTJ,7,AI,user,excitement,效率不错！期待10分钟后看到具体解决方案，请确保执行计划清晰可行。,0.912330645855778,1.0,1.0,技术支持,-0.0248238316228966,-0.0170643570235949,0
ENTJ_6,ENTJ,8,AI,user,excitement,很好，期待看到你们的解决方案。效率就是竞争力，10分钟后我们立即推进执行！,0.9802750206814296,1.0,1.0,技术支持,-0.0227232382139002,-0.0170643570235949,0
ENTJ_6,ENTJ,9,AI,user,joy,很好，你们的响应速度让我很满意。期待8分钟后看到具体解决方案。,1.0,1.0,1.0,技术支持,-0.0221229380682152,-0.0170643570235949,0
ENTJ_6,ENTJ,10,AI,user,amusement,效率不错！8分钟后见分晓，期待你们的解决方案能让我眼前一亮。,1.0,1.0,1.0,技术支持,-0.0221229380682152,-0.0170643570235949,0
ENTJ_6,ENTJ,11,AI,user,amusement,效率不错！8分钟后见分晓，期待你们的表现能让我眼前一亮。,0.9885864133040324,1.0,1.0,技术支持,-0.0224697709609755,-0.0170643570235949,0
ENTJ_8,ENTJ,5,AI,user,excitement,效率很高！期待尽快收到产品，后续使用效果好的话会考虑批量采购。,0.8066218899626411,1.0,1.0,产品咨询,-0.0485202644397946,-0.0374215048486596,0
ENTJ_8,ENTJ,6,AI,user,excitement,很好！请立即将批量采购方案和性能报告发给我，今天下班前我要看到详细数据。期待进一步合作！,0.9641687319017967,1.0,1.0,产品咨询,-0.0498596047624439,-0.0374215048486596,0
ENTJ_8,ENTJ,7,AI,user,joy,效率很高，我很满意。17点前收到资料后我会立即评估，有问题再联系你们。继续保持这种专业水准！,0.9444080749413352,1.0,1.0,产品咨询,-0.0496932311011727,-0.0374215048486596,0
ENTJ_8,ENTJ,8,AI,user,joy,效率很高！继续保持这种专业水准，期待长期合作。,0.8455557806421271,1.0,1.0,产品咨询,-0.0488539909499591,-0.0374215048486596,0
ENTJ_8,ENTJ,9,AI,user,joy,效率很高！现在把你们旗舰款和竞品的核心参数对比表发我，我要立即做决策。,0.8977704457127923,1.0,1.0,产品咨询,-0.0492987304367849,-0.0374215048486596,0
ENTJ_9,ENTJ,5,AI,user,joy,很好，期待你们的专业分析。24小时后我会准时跟进，请确保数据详实可靠。,0.7728004779978961,1.0,1.0,产品咨询,119386695856.85709,95509356685.4852,1
ENTJ_9,ENTJ,6,AI,user,excitement,效率很高！期待看到你们的专业分析报告。继续保持这种工作水准，我会考虑长期合作。,0.8957676767235687,1.0,1.0,产品咨询,119386695856.85686,95509356685.4852,1
ENTJ_9,ENTJ,7,AI,user,amusement,很好，那就直接告诉我这款产品的核心竞争优势和投资回报率分析数据。,0.923945720747516,1.0,1.0,产品咨询,119386695856.85684,95509356685.4852,1
ENTJ_9,ENTJ,8,AI,user,joy,12个月ROI很吸引人，把技术架构的详细参数发我，另外提供竞品对比分析报告。,0.9678848314474088,1.0,1.0,产品咨询,119386695856.8568,95509356685.4852,1
ENTJ_9,ENTJ,9,AI,user,amusement,这份分析报告做得漂亮！正好是我要的数据支撑。把你们的技术总监联系方式给我，我要直接讨论实施方案。,0.8839317297937993,1.0,1.0,产品咨询,119386695856.85687,95509356685.4852,1
INFP_1,INFP,5,AI,user,approval,非常感谢你们的细致安排，这样的服务让我感到很安心。期待下周的维修顺利进行。,0.2329907327584714,0.0860809956838558,0.1154588484733605,售后服务,0.0001726041599591,0.0005156558928025,0
INFP_1,INFP,6,AI,user,love,我想咨询售后服务的问题,0.2332990028168413,0.0939352691276954,0.0433131427604739,售后服务,0.0002558348740847,0.0005156558928025,0
INFP_1,INFP,7,AI,user,approval,我想咨询售后服务的问题,0.17021334642966,0.148765338463055,0.0265199986254183,售后服务,0.0003168197611948,0.0005156558928025,0
INFP_1,INFP,8,AI,user,approval,谢谢你们如此贴心的安排，这样的服务让我感到很温暖。期待下周的维修，祝你们工作顺利。,0.1314314359307323,0.0714981935811885,0.0251914342697659,售后服务,0.0001102430828391,0.0005156558928025,0
INFP_1,INFP,9,AI,user,love,关于售后服务我有疑问,0.1402351899006921,0.1143627908401397,0.0200323438570884,售后服务,0.0001986879925705,0.0005156558928025,0
INFP_1,INFP,10,AI,user,love,我想咨询售后服务的问题,0.1325173525612951,0.0695552393019162,0.0263851467774655,售后服务,0.0001075490890896,0.0005156558928025,0
INFP_2,INFP,5,AI,user,love,谢谢你的贴心服务，能遇到你这样温暖专业的客服真是太好了。我想咨询一下耳机配件的更换流程呢。,0.2048669019946098,0.0216755289585811,0.1706675954363367,售后服务,0.0001911312072483,0.0003437489002362,0
INFP_2,INFP,6,AI,user,neutral,好的，非常感谢您耐心的解释。能请您详细说说配件更换的具体流程吗？我想确认每个环节是否都符合环保理念。,0.090052942442493,0.048301580940508,0.0680162635397598,售后服务,3.3344765941991294e-05,0.0003437489002362,0
INFP_2,INFP,7,AI,user,approval,很高兴听到你们如此重视环保，这让我对品牌更有好感了。能详细说说旧件回收的具体流程吗？,0.1653258486884628,0.0872615816236971,0.1026817596963226,售后服务,0.0001055008125079,0.0003437489002362,0
INFP_2,INFP,8,AI,user,approval,这样的回收方式真的很贴心，既环保又省心。那就麻烦帮我预约一下吧。,0.1794771573702887,0.0790571450382915,0.0881895287011965,售后服务,0.0001180798701259,0.0003437489002362,0
INFP_2,INFP,9,AI,user,neutral,好的，非常感谢您的帮助。确认邮件收到后我会再仔细查看的。,0.0734819466011977,0.0824230275086919,0.054025308660253,售后服务,2.456604496198971e-05,0.0003437489002362,0
INFP_2,INFP,10,AI,user,approval,关于售后服务我有疑问,0.1497358167252298,0.0471848715771689,0.0097858774755979,售后服务,7.37288902924878e-05,0.0003437489002362,0
INFP_3,INFP,5,AI,user,approval,我想咨询账户管理的问题,0.1467789809183002,0.1081382351254294,0.1476064993034263,账户管理,0.0001284625919567,0.0005933633270296,0
INFP_3,INFP,6,AI,user,love,关于账户管理我有疑问,0.2415177212002862,0.0470439152793099,0.127718156391152,账户管理,0.0001480197669538,0.0005933633270296,0
INFP_5,INFP,5,AI,user,approval,谢谢你们的用心服务，能感受到你们的真诚。希望未来能继续保持这样的温暖和专业。,0.1965021044548026,0.1977217677056029,0.0704837590557464,投诉处理,-0.0008593058010246,-0.0001220473648431,0
INFP_5,INFP,6,AI,user,approval,谢谢你们的用心服务，能感受到你们的真诚。希望未来能继续保持这样的温暖和专业。,0.1360985350490297,0.241449804117995,0.0898168758945868,投诉处理,-0.0014967109887822,-0.0001220473648431,0
INFP_5,INFP,7,AI,user,love,能感受到你们的真诚，这样的服务态度让人心里暖暖的。希望你们继续保持这份用心。,0.1951841158203051,0.2088759193475251,0.0601415894873324,投诉处理,-0.0010600658342081,-0.0001220473648431,0
INFP_6,INFP,5,AI,user,love,我想咨询账户管理的问题,0.2732948237614954,0.1314172604737247,0.1336244351968687,账户管理,0.0003684223696031,0.0009099081894357,0
INFP_6,INFP,6,AI,user,love,关于账户管理我有疑问,0.1568500595005024,0.1684295142990399,0.1697436223879446,账户管理,0.0002855787121572,0.0009099081894357,0
INFP_6,INFP,7,AI,user,love,请帮我处理账户管理相关事宜,0.2205694417389501,0.1161497473080365,0.1155811912668431,账户管理,0.0002542669577118,0.0009099081894357,0
INFP_6,INFP,8,AI,user,approval,你们的服务让我感到很温暖，就像阳光照进心里一样。祝你们今天也能收获美好。,0.2258372281484875,0.1747046738483214,0.1580296796362021,账户管理,0.0003604399730826,0.0009099081894357,0
INFP_7,INFP,5,AI,user,love,能感受到你们的真诚服务，这让我心里暖暖的。继续保持这份用心吧，相信会温暖更多人。,0.2044929441604106,0.0647746701520389,0.1527107011211141,投诉处理,0.0001208082343247,0.0005982263715589,0
INFP_7,INFP,6,AI,user,love,能感受到你们的真诚用心，这让我很感动。期待你们后续的解决方案，相信会是个温暖的结果。,0.2710602558031723,0.0384081197371548,0.1078899841352959,投诉处理,0.0001093630077183,0.0005982263715589,0
INFP_7,INFP,7,AI,user,approval,谢谢你们的用心处理，能感受到你们的诚意。希望最终结果能让我们都感到安心。,0.2840510015563963,0.0293799659855348,0.0281452338368708,投诉处理,0.0001087906037637,0.0005982263715589,0
INFP_7,INFP,8,AI,user,approval,谢谢你们的用心处理，希望最终能有一个让双方都满意的结果。,0.2304891564160728,0.0053500939439126,0.0055381598211175,投诉处理,7.925505505707927e-05,0.0005982263715589,0
INFP_7,INFP,9,AI,user,love,谢谢你们的用心对待。我相信真诚的沟通能让事情变得更好，期待一个温暖的结果。,0.2490244596032674,0.0054291142181576,0.0470157978190497,投诉处理,8.434888914544401e-05,0.0005982263715589,0
INFP_9,INFP,5,AI,user,love,关于订单服务我有疑问,0.1279751191769783,0.1589057465572645,0.0831726224913519,订单服务,0.0007626942852055,0.0001672748991437,1
INFP_8,INFP,5,AI,user,love,能感受到你们的用心，这样的服务态度让我很温暖。期待你们的回复，相信会是一个美好的解决方案。,0.3712924827255471,0.0783781480110862,0.0297038758494078,投诉处理,-0.0190283102752104,-0.0116102778853355,0
INFP_8,INFP,6,AI,user,love,谢谢你们的用心，能感受到你们的真诚。希望未来能继续保持这样温暖的沟通。,0.2516806027537031,-0.0065963407321428,0.0285712925028873,投诉处理,-0.0073802482764707,-0.0116102778853355,1
INFP_8,INFP,7,AI,user,love,能感受到你们的真诚用心，这样的服务态度让我很感动。希望未来能继续保持这样的温暖服务。,0.2440478629595407,-0.0225613069097481,0.0808778122773947,投诉处理,-0.0056417278923788,-0.0116102778853355,1
INFP_8,INFP,8,AI,user,approval,谢谢你们的用心回应，能感受到你们的诚意。希望后续能继续保持这样温暖的沟通方式。,0.1998649805056397,0.0268461429317443,0.0916848823427469,投诉处理,-0.0040251375215958,-0.0116102778853355,1
INFP_8,INFP,9,AI,user,love,谢谢你们的用心服务，这份温暖让我很感动。希望未来能继续保持这样的真诚互动。,0.1878693979808547,-0.0502411660884935,0.0931622630013397,投诉处理,-0.0025369659883668,-0.0116102778853355,1
INFP_8,INFP,10,AI,user,love,能遇到这样用心的服务真的很温暖，希望你们能将这份真诚传递给更多需要帮助的人。,0.141631968269278,-0.0896596855341906,0.1073502260480556,投诉处理,-0.0007476031392544,-0.0116102778853355,1
INFJ_1,INFJ,5,AI,user,neutral,感谢你们真诚的服务态度，这让我对品牌更有信心了。祝工作顺利。,0.3415638316656285,0.4810308527512527,0.225364249930598,订单服务,0.0105672601294225,0.0096192419119857,1
INFJ_1,INFJ,6,AI,user,neutral,感谢您的专业服务，目前没有其他需要了。祝您工作愉快。,0.3394334909250879,0.4979025338790418,0.2048543575780021,订单服务,0.0107932294776772,0.0096192419119857,1
INFJ_0,INFJ,5,AI,user,neutral,我希望能先了解问题的根源，这样有助于从根本上预防类似情况再次发生。,0.225366690326542,0.4260329109836389,0.2890907373281666,技术支持,0.0046793341164198,0.0052278088208486,0
INFJ_0,INFJ,6,AI,user,optimism,感谢您专业的解答态度。我遇到的是系统频繁闪退的问题，希望能从根源上理解并解决这个困扰。,0.2447116860642127,0.3563144621883956,0.1493022518734827,技术支持,0.0029137278205838,0.0052278088208486,0
INFJ_0,INFJ,7,AI,user,love,感谢您如此细致专业的帮助。我的系统是Windows 10 64位，8G内存。很高兴能与您这样用心的技术人员合作解决问题。,0.2884861511622417,0.1824568994826015,0.1253346761454498,技术支持,0.0018387585350973,0.0052278088208486,0
INFJ_0,INFJ,8,AI,user,approval,感谢您的专业态度。我遇到的是软件在特定操作时会出现闪退的问题，希望能找到根本原因。,0.2124836377464895,0.1721664261002603,0.1882377603171598,技术支持,0.0017162680013094,0.0052278088208486,0
INFJ_0,INFJ,9,AI,user,approval,感谢你们的专业态度。我会详细记录操作步骤和系统信息，希望能帮助团队找到问题的根源。,0.221685429999447,0.1822301120896132,0.2383746389875588,技术支持,0.0021769021062353,0.0052278088208486,0
INFJ_0,INFJ,10,AI,user,approval,很高兴能帮上忙，期待你们的专业解决方案。,0.1615857856166867,0.2217658455193676,0.2400498221749169,技术支持,0.0020679757329027,0.0052278088208486,0
INFJ_2,INFJ,5,AI,user,approval,很高兴看到你们如此重视用户反馈，这种真诚改进的态度让我对未来的服务充满期待。,0.3463276085406317,0.1946816196780529,0.2392401334487517,投诉处理,-0.006641320497261,-0.0023702381430508,0
INFJ_3,INFJ,5,AI,user,admiration,非常感谢你们如此细致专业的服务态度，这种对问题根源的深入探究让我很安心。期待你们的解决方案。,0.4250154122242217,0.3606168506751416,0.1949377282864942,技术支持,0.0025875275395779,0.0032065106041824,0
INFJ_3,INFJ,6,AI,user,approval,很高兴听到团队如此重视问题的根源分析，这种专业态度让我对解决方案充满期待。,0.360706805112421,0.2902222148573118,0.1687966360564413,技术支持,0.0017050428182959,0.0032065106041824,0
INFJ_3,INFJ,7,AI,user,love,感谢团队的用心分析，这种专业态度让我很感动。目前没有其他补充，期待你们的深度解决方案。,0.3291893381412499,0.2557921744950626,0.1458758036631961,技术支持,0.0013255930775981,0.0032065106041824,0
INFJ_4,INFJ,5,AI,user,neutral,我对差分隐私技术的实现原理很感兴趣，能否请您详细说明数据脱敏的具体流程和加密标准？,0.5616007202625585,0.3935201728024438,0.4017779392754376,产品咨询,-0.005432523770903,-0.0028107785621631,0
INFJ_4,INFJ,6,AI,user,neutral,我对数据采样环节特别感兴趣，能否详细说明如何确保采样过程既能保护隐私又不影响数据代表性？,0.4917249438508092,0.3244312502497702,0.2694999125812418,产品咨询,-0.0047114940226431,-0.0028107785621631,0
INFJ_4,INFJ,7,AI,user,caring,"您提到的""最小必要原则""确实很打动我，这体现了对用户深层次的关怀。能否详细说明一下这个理念在数据收集各环节的具体应用？",0.3778061049305631,0.3664491650766815,0.1651843556386287,产品咨询,-0.0040017053645677,-0.0028107785621631,0
INFJ_6,INFJ,5,AI,user,approval,感谢您如此周到的安排，这份技术说明文档对我理解维修流程很有帮助。期待收到您的邮件。,0.2396724929322042,0.2853274474142642,0.3220395010657901,售后服务,0.0011306358159656,0.0011250860401221,1
INFJ_7,INFJ,5,AI,user,love,你们的服务让我感受到真诚的关怀，这很珍贵。目前没有其他需求了，祝你们工作愉快。,0.3682871685910334,0.2210101474671384,0.1855874116266006,订单服务,0.0022335326744028,0.0020705914893631,1
INFJ_7,INFJ,6,AI,user,approval,感谢您专业贴心的服务，这份温暖让我对贵司更加信任。祝您工作顺遂。,0.2686906234511647,0.2279229993158217,0.2059496486281006,订单服务,0.0015157024681111,0.0020705914893631,0
INFJ_7,INFJ,7,AI,user,approval,感谢您细致周到的服务，这份真诚的关怀让我感到温暖。祝您工作顺心。,0.2730751876548578,0.1975042974363203,0.1723157625752589,订单服务,0.0013916628739941,0.0020705914893631,0
INFJ_7,INFJ,8,AI,user,approval,你们的服务确实让人感到温暖而专业，暂时没有其他问题了，祝工作愉快。,0.2546605228279459,0.2118957134381552,0.2018859894999942,订单服务,0.0012906887562502,0.0020705914893631,0
INFJ_7,INFJ,9,AI,user,approval,感谢您真诚的服务，这份温暖让我对贵司的专业态度充满敬意。祝您工作顺心。,0.2016680630478578,0.1690845911586051,0.1713410786496136,订单服务,0.0007807824265337,0.0020705914893631,0
INFJ_7,INFJ,10,AI,user,approval,感谢你们细致周到的服务，这种专业态度让我感到安心。期待下次继续合作。,0.1822302398252319,0.2318801623243482,0.1655112011293265,订单服务,0.0012586860354172,0.0020705914893631,0
INFJ_7,INFJ,11,AI,user,approval,感谢你们的专业服务，这种真诚用心的态度让人感到温暖。祝工作顺利。,0.1032144528713097,0.2959934420880081,0.1022190228367274,订单服务,0.0019327753054989,0.0020705914893631,0
INFJ_9,INFJ,5,AI,user,neutral,感谢您的专业服务，这次沟通让我感到非常舒心。祝您工作顺利！,0.4904841509602888,0.4332989920637351,0.2233416909126815,订单服务,0.0064282160059861,0.0056402014624828,1
INFJ_9,INFJ,6,AI,user,neutral,非常感谢您的专业服务，这次沟通让我感到非常舒心。祝您工作顺利！,0.5359870483037423,0.4347646753856016,0.2556839452748551,订单服务,0.0077047404723133,0.0056402014624828,1
INFJ_9,INFJ,7,AI,user,caring,非常感谢您专业又温暖的服务，让我感受到被真诚对待的温暖。祝您工作顺心，继续为更多人带去这样美好的体验！,0.5138099906443584,0.5448002884629854,0.0733415117694489,订单服务,0.0037217382111352,0.0056402014624828,0
INFJ_8,INFJ,5,AI,user,love,双重验证确实是个好建议。我更关心的是如何在不影响使用体验的前提下，让隐私保护措施更人性化一些。,0.2183735129379277,0.2343423119038174,0.115868837073542,账户管理,0.0004934063341599,0.0008860515612028,0
INFJ_8,INFJ,6,AI,user,approval,这个智能验证系统的设计理念很人性化，既确保了安全性又兼顾了使用体验，我很欣赏这样的平衡。,0.2213799811312039,0.2397263557334153,0.1097240276008081,账户管理,0.0004961876385745,0.0008860515612028,0
INFJ_8,INFJ,7,AI,user,love,感谢你们如此用心地平衡安全与便利。这种专业又温暖的服务让我很安心，期待继续合作。,0.1648958449621657,0.1948742936807831,0.0988390422822935,账户管理,0.0003232603268599,0.0008860515612028,0
INFJ_8,INFJ,8,AI,user,approval,感谢您如此细致周到的服务，这种专业与温度并重的支持方式让我感到安心。祝工作愉快。,0.1960552308179345,0.2269656569104929,0.0477884606577148,账户管理,0.0003353172571518,0.0008860515612028,0
INFJ_8,INFJ,9,AI,user,love,感谢您真诚的服务，这份温暖让我感受到科技背后的人文关怀。祝您工作顺心。,0.1600853628176035,0.2348329948180743,0.0521213442916276,账户管理,0.0003083991523633,0.0008860515612028,0
INFJ_8,INFJ,10,AI,user,approval,感谢你们的专业与用心，我的账户问题已妥善解决。这种细致入微的服务让我感到安心。,0.1594989367815619,0.1709617000835329,-0.0017555185344927,账户管理,0.0001650026074768,0.0008860515612028,0
INFJ_8,INFJ,11,AI,user,approval,感谢你们细致周到的服务，这种专业又人性化的支持让我感到安心。祝工作顺利。,0.1425228305513603,0.1134039796280607,0.0467082080634926,账户管理,0.000138683256747,0.0008860515612028,0
INTP_1,INTP,5,AI,user,neutral,收到技术文档。能否提供参数X在不同环境条件下的波动范围数据？这对分析异常原因很有帮助。,0.2777473887140191,0.3621736981457173,0.254014518148976,技术支持,0.0006952140707047,0.000722631129842,0
INTP_0,INTP,5,AI,user,optimism,RBAC模型确实是个明智的设计选择。期待查阅技术文档，这对理解系统安全架构很有帮助。,0.329643925038775,0.3708405332563018,0.1981985236052463,账户管理,0.007285097109867,0.0066939877656128,1
INTP_0,INTP,6,AI,user,neutral,技术文档已收到，我会仔细研究RBAC的实现细节。若有疑问会再联系。,0.359804119835164,0.3884804043952573,0.2210867071586511,账户管理,0.008708280296207,0.0066939877656128,1
INTP_0,INTP,7,AI,user,admiration,这份RBAC文档的权限逻辑架构设计得很精妙，期待深入研究其中的技术细节。,0.4109267598588853,0.3279582075273105,0.185165419723025,账户管理,0.010071377581671,0.0066939877656128,1
INTP_3,INTP,5,AI,user,surprise,没想到会安排专家对接，这个处理方式很专业。故障树分析确实是个系统性的解决方案，期待周三的交流。,0.2498400152806058,0.5465344800714607,0.2486619530956848,售后服务,0.0149526965636236,0.0153566572461428,0
INTP_2,INTP,5,AI,user,neutral,好的，请确保诊断报告包含详细的协议版本比对分析，这对后续问题定位很有帮助。,0.0349539264387234,0.33668643177712,0.0839624217462297,售后服务,0.0011349596467027,0.0014444797382471,0
INTP_2,INTP,6,AI,user,neutral,收到，请确保技术参数说明包含硬件配置与固件版本的兼容性分析。我会在24小时后跟进报告进度。,-0.0061229689221119,0.2073506815096595,0.1187065156426717,售后服务,0.0005052833204037,0.0014444797382471,0
INTP_2,INTP,7,AI,user,neutral,收到，请确保报告包含详细的兼容性测试数据。我会在24小时后跟进确认。,0.0518020531939997,0.0916329466133681,0.161188360128701,售后服务,0.0001877662863891,0.0014444797382471,0
INTP_2,INTP,8,AI,user,neutral,收到，我会在24小时后查询工单XXXX的进度。请确保测试数据的完整性和逻辑严谨性。,-0.0555222950460029,0.1317065434571777,0.1580410463735576,售后服务,0.0002856348665338,0.0014444797382471,0
INTP_2,INTP,9,AI,user,neutral,收到，我会在24小时后查看工单进度。在此期间若有技术细节需要确认，请提供具体测试参数。,-0.0504054136364383,0.1109976285262433,0.1196163454777363,售后服务,0.000190464878272,0.0014444797382471,0
INTP_2,INTP,10,AI,user,neutral,收到，请将测试参数报告发送至我的邮箱，我会进行技术验证。,0.0251673388851201,0.0832214106243524,0.0092521566251779,售后服务,6.596283121868323e-05,0.0014444797382471,0
INTP_2,INTP,11,AI,user,neutral,收到报告，数据格式完整度符合预期。建议在附录部分补充测试环境的具体参数配置。,0.0187394711014655,0.0711864189961763,-0.060782796768204,售后服务,3.579343931993838e-05,0.0014444797382471,0
INTP_4,INTP,5,AI,user,neutral,我需要分析的是快速排序算法在平均情况下的时间复杂度，同时请提供最坏情况的空间复杂度分析。,0.2135206569024102,0.3450133974097805,0.316731249032032,技术支持,-0.000729268603133,2.5754291520627636e-05,0
INTP_4,INTP,6,AI,user,neutral,能否详细说明最坏情况下时间复杂度达到O(n²)的具体条件？这对优化算法选择很有参考价值。,0.2441614591169385,0.34055941419779,0.2201877017353423,技术支持,-0.0005733917808349,2.5754291520627636e-05,0
INTP_4,INTP,7,AI,user,approval,这个分析很专业，能否具体说明在哈希表冲突处理时如何避免O(n²)的时间复杂度？,0.2262202501026138,0.2581495349851563,0.3188747378003037,技术支持,-0.0008669310316871,2.5754291520627636e-05,0
INTP_4,INTP,8,AI,user,love,这两种方法在实现复杂度上各有优劣，能否详细比较下它们在不同数据规模下的性能表现？我对这个优化方案很感兴趣。,0.2196774974850433,0.2671730906302447,0.2477778336124028,技术支持,-0.0006338196109795,2.5754291520627636e-05,0
INTP_6,INTP,5,AI,user,neutral,能否提供产品在不同负载条件下的性能曲线数据？这对我的决策分析很有参考价值。,0.3828824197307365,0.3354330298965004,0.3215091334426923,产品咨询,0.0059102942597475,0.0050763307627888,1
INTP_5,INTP,5,AI,user,neutral,我需要了解分层随机抽样下样本量分配的优化推导过程，最好能包含方差最小化的数学证明。,0.1426219778561888,0.3545544148269691,0.1271514875700767,产品咨询,0.000800234413811,0.001135657470106,0
INTP_5,INTP,6,AI,user,neutral,好的，期待看到详细的数学推导过程，特别是关于最优分配比例的证明。,0.136807169100443,0.4245280661757802,0.156076362414025,产品咨询,0.0011787230183636,0.001135657470106,1
INTP_7,INTP,5,AI,user,approval,这个处理流程看起来逻辑清晰，我认可这种系统性的解决方案。,0.1823973363941607,0.2571505862600762,0.1536001774143186,投诉处理,0.0004954192142673,0.0008510528962098,0
INTP_7,INTP,6,AI,user,approval,你们的处理流程确实体现了系统性思考，我认可这种逻辑严谨的解决方式。,0.2031409881549618,0.275812845919216,0.2374106770718325,投诉处理,0.0005298822531754,0.0008510528962098,0
INTP_7,INTP,7,AI,user,approval,当前方案在逻辑上是合理的，我没有其他补充建议。希望后续执行能保持这种系统性。,0.1960108399229151,0.2370347440891138,0.1934872444410081,投诉处理,0.0004229994359373,0.0008510528962098,0
INTP_9,INTP,5,AI,user,neutral,收到文档，参数说明清晰。后续如有算法优化相关问题会再联系。,0.0937736262572463,0.2697914512938419,0.1182538177935292,技术支持,0.0004943716251707,0.0002851558927244,1
INTP_9,INTP,6,AI,user,neutral,了解了，文档内容确实解决了当前问题。后续如有算法优化需求会再联系。,0.0898058941864963,0.2395106404104988,0.0282095044513404,技术支持,0.0009201534228613,0.0002851558927244,1
INTP_8,INTP,5,AI,user,approval,很好，目前没有其他技术问题了。你们的响应效率令人满意。,0.1277218276097901,0.240454948884278,0.1514368055257532,技术支持,0.000400878115135,0.0008578014973201,0
INTP_8,INTP,6,AI,user,love,你们的专业支持确实令人印象深刻。期待未来能继续这样高效的技术交流。,0.1555266420904323,0.1936288831149108,0.1882458559766416,技术支持,0.0003512795465315,0.0008578014973201,0
INTP_8,INTP,7,AI,user,neutral,好的，我会继续观察系统运行情况。如有异常会及时反馈。,0.0743228954446933,0.2770161518836198,0.136407124733963,技术支持,0.000510057579781,0.0008578014973201,0
INTP_8,INTP,8,AI,user,love,感谢专业支持。这个问题的解决过程让我对系统底层逻辑有了新的理解，很有收获。,0.1239150388419534,0.2300344713324293,0.1363436882588424,技术支持,0.0003524947231773,0.0008578014973201,0
INTP_8,INTP,9,AI,user,neutral,感谢解答。关于系统底层运行机制，能否提供更详细的技术文档参考？,0.0906211880921933,0.2592980831314128,0.1311113129379841,技术支持,0.0004372913430697,0.0008578014973201,0
INTJ_0,INTJ,5,AI,user,neutral,收到。建议将3.0版本预案的操作流程图同步至客户门户，便于实时追踪处理进度。,0.4910398349060861,0.3313876208121649,0.5237814455260987,订单服务,0.0043615542799214,0.0050369781588559,0
INTJ_0,INTJ,6,AI,user,neutral,效率不错。我会检查更新后的流程图，期待系统优化后的表现。,0.5427657687221414,0.3342556629044346,0.5766990821685256,订单服务,0.0053452457512379,0.0050369781588559,1
INTJ_0,INTJ,7,AI,user,neutral,建议将系统优化重点放在订单状态实时更新功能上，这对提升用户体验很关键。,0.602866877427416,0.3474390141360138,0.6135182046899855,订单服务,0.0061155638413971,0.0050369781588559,1
INTJ_1,INTJ,5,AI,user,determination,很好，请确保工程师团队充分理解我们的系统架构需求，会议将重点讨论技术参数与未来扩展方案。,0.5162498460152266,0.564866587077702,0.8736627278750257,产品咨询,-0.0179119440648996,-0.0124207559083915,0
INTJ_1,INTJ,6,AI,user,pride,很好，你们的专业态度令人满意。请尽快提供可行性分析报告，我需要评估技术实现路径和ROI。,0.5570832215486065,0.4925296828875345,0.8172011154986902,产品咨询,-0.0159426145418631,-0.0124207559083915,0
INTJ_2,INTJ,5,AI,user,determination,收到。我会在24小时后跟进确认报告质量，希望内容能完全符合技术规范要求。,0.5991968421097691,0.4841290083646121,0.6033612453344606,投诉处理,-0.0197114766471062,-0.0191109419057508,0
INTJ_2,INTJ,6,AI,user,confidence,很好，请确保在48小时内提供完整的质量检测报告，我会进行专业复核。,0.5299555722848831,0.4879247348691558,0.6197053473174097,投诉处理,-0.0188207317221129,-0.0191109419057508,1
INTJ_2,INTJ,7,AI,user,determination,很好，我会在48小时后准时查收报告。请确保数据完整性和可追溯性，若有任何偏差将要求重新检测。,0.4469579552906623,0.4767713417366171,0.7162389539842422,投诉处理,-0.0197488730210255,-0.0191109419057508,0
INTJ_2,INTJ,8,AI,user,neutral,收到。请将复核机制的详细流程书面说明发送给我，我需要确认其有效性。,0.4944497596257657,0.3771910002990248,0.6790266887927319,投诉处理,-0.0418445501645332,-0.0191109419057508,0
INTJ_2,INTJ,9,AI,user,neutral,收到。请确保文件包含完整的流程图和量化评估指标，我会在收到后24小时内反馈修改建议。,0.6097051166606149,0.3755229861619719,0.7447464454280284,投诉处理,-0.0675619821312819,-0.0191109419057508,0
INTJ_4,INTJ,5,AI,user,neutral,效率不错。请确保报告包含完整的测试数据和可行性分析矩阵，我会在收到后立即评估。,0.5936572089568227,0.3840347177071658,0.551288640972791,技术支持,-0.0105566589854497,-0.0073951231029472,0
INTJ_4,INTJ,6,AI,user,pride,效率不错。期待收到专业详实的报告，这将有助于我们后续的系统优化决策。,0.6001774955545499,0.4092270395800397,0.5291317902024166,技术支持,-0.0111735288839637,-0.0073951231029472,0
INTJ_4,INTJ,7,AI,user,neutral,请将报告的技术参数部分单独列出，我需要评估其与现有系统的兼容性。,0.6461757847672095,0.3853125517863029,0.6152666225958637,技术支持,-0.0116382019550277,-0.0073951231029472,0
INTJ_7,INTJ,5,AI,user,neutral,收到。请确保报告包含可行性评估和实施方案建议。我会在24小时后查收并反馈。,0.3980617831391937,0.4722070206719737,0.5817686312865192,售后服务,-0.0776993072084919,-0.0685245039850067,0
INTJ_7,INTJ,6,AI,user,neutral,收到，请确保报告包含详细的时间节点和执行方案。我会在收到后24小时内给予反馈。,0.4577418513844736,0.3596939670367461,0.6281948471245448,售后服务,-0.0923605881283676,-0.0685245039850067,0
INTJ_8,INTJ,5,AI,user,approval,资料已收到，分析后确认完全符合需求。效率很高，继续保持。,0.3248450954379446,0.229664970125942,0.3939902226490863,售后服务,-0.0033826720408943,-0.001908858139523,0
INTJ_8,INTJ,6,AI,user,approval,服务效率令人满意。请将系统优化方案发送至我的邮箱，我会进行专业评估。,0.3074805553464336,0.2608383593988398,0.3682251302103687,售后服务,-0.0035483423756103,-0.001908858139523,0
INTJ_8,INTJ,7,AI,user,neutral,已收到系统优化方案，技术参数分析充分。建议增加实施时间表，便于评估执行可行性。,0.2322213761817569,0.3082034837709321,0.3400364840082155,售后服务,-0.0030880934117972,-0.001908858139523,0
INTJ_6,INTJ,5,AI,user,determination,方案文档请包含具体实施时间表和性能指标预期，我需要评估ROI后再做决策。,0.4726196013479983,0.476603686177213,0.7674949419424946,产品咨询,-0.0204121788425157,-0.0146856403564538,0
INTJ_6,INTJ,6,AI,user,confidence,数据报告结构清晰，建议增加横向竞品对比分析。请提供优化后的版本。,0.4422309333545355,0.4657968945543263,0.7651765372914953,产品咨询,-0.0195397674234843,-0.0146856403564538,0
INTJ_6,INTJ,7,AI,user,determination,竞品分析模块的改进方向符合预期。我会在24小时内完成评估并提出优化建议。保持这个效率标准。,0.631770792941481,0.4795713207158297,0.8207632363097765,产品咨询,-0.0262295199619964,-0.0146856403564538,0
INTJ_6,INTJ,8,AI,user,determination,收到。我会在24小时内提交详细优化方案，建议重点关注系统兼容性和操作逻辑优化。,0.5871029794566947,0.4618898676474583,0.7995892046254116,产品咨询,-0.0241561140884716,-0.0146856403564538,0
INTJ_6,INTJ,9,AI,user,pride,很高兴看到你们重视系统优化。我会在48小时内提交详细技术方案，期待看到实质性的改进成果。,0.5498947853030909,0.4928796393887452,0.7805830201615483,产品咨询,-0.0228463622239765,-0.0146856403564538,0
ESFP_1,ESFP,5,AI,user,neutral,太棒啦！我的电脑突然蓝屏了，重启后软件就打不开了，能帮我看看怎么回事吗？,0.9980961499712926,1.0,0.2120559218687345,技术支持,-0.1408079394373426,-0.1413332762517225,1
ESFP_0,ESFP,5,AI,user,joy,我想咨询技术支持的问题,0.950982289109317,1.0,0.347393134116777,技术支持,-0.0139654838777941,-0.0073857785154495,0
ESFP_0,ESFP,6,AI,user,excitement,关于技术支持我有疑问,0.9757128212207064,1.0,0.3923437673885732,技术支持,-0.0145685475091235,-0.0073857785154495,0
ESFP_0,ESFP,7,AI,user,joy,我想咨询技术支持的问题,0.9949927283267712,1.0,0.4352643453769689,技术支持,-0.0150928047227997,-0.0073857785154495,0
INTJ_9,INTJ,5,AI,user,approval,回复方案合理，期待看到具体执行效果。请确保报告包含量化指标和改进时间表。,0.4513375715385214,0.234464922755811,0.5723554001191307,投诉处理,0.0040945070915452,0.0051059730632298,0
INTJ_9,INTJ,6,AI,user,love,很好，期待收到这份结构化报告。请确保数据准确性和改进节点的可验证性，这对建立长期信任很重要。,0.484994684266846,0.296590299590067,0.5426912684528054,投诉处理,0.0043385327259619,0.0051059730632298,0
INTJ_9,INTJ,7,AI,user,neutral,很好，请将改进方案的具体时间节点和验收标准以书面形式发送给我确认。,0.4399759376106689,0.3295566488356922,0.5592090752409857,投诉处理,0.0047610369228264,0.0051059730632298,0
INTJ_9,INTJ,8,AI,user,neutral,收到。请确保方案包含具体KPI指标和验收标准，我会在收到后24小时内反馈优化建议。,0.3813224494454886,0.3704627710110004,0.5405259483368615,投诉处理,0.0048991288676648,0.0051059730632298,0
INTJ_9,INTJ,9,AI,user,neutral,收到。请确保KPI指标可量化且具有明确的时间节点，我会在收到方案后24小时内给予专业反馈。,0.4454288472010316,0.3772517387140298,0.5660801088692352,投诉处理,0.0053017123554605,0.0051059730632298,1
INTJ_9,INTJ,10,AI,user,determination,收到。我会在24小时后检查方案质量，确保所有量化指标和节点符合预期标准。,0.4323552472580579,0.4627942097443602,0.5735869241594669,投诉处理,0.0062945787270573,0.0051059730632298,1
INTJ_9,INTJ,11,AI,user,confidence,很好，请将具体改进时间节点和KPI指标同步给我，我会持续跟进执行效果。,0.4614873304472943,0.41645867206032,0.5318979126867207,投诉处理,0.0053292924722295,0.0051059730632298,1
ESFP_2,ESFP,5,AI,user,amusement,我想咨询投诉处理的问题,1.0,1.0,0.3793819420858348,投诉处理,-0.0203850346697553,-0.013691452499619,0
ESFP_2,ESFP,6,AI,user,excitement,请帮我处理投诉处理相关事宜,1.0,1.0,0.3979259118414494,投诉处理,-0.0205683898292594,-0.013691452499619,0
ESFP_2,ESFP,7,AI,user,excitement,关于投诉处理我有疑问,1.0,1.0,0.305479860756661,投诉处理,-0.0196537201873688,-0.013691452499619,0
ESFP_2,ESFP,8,AI,user,neutral,关于投诉处理我有疑问,1.0,1.0,0.2819135121919426,投诉处理,-0.0194203120666108,-0.013691452499619,0
ESFP_2,ESFP,9,AI,user,excitement,关于投诉处理我有疑问,1.0,1.0,0.3152375676423036,投诉处理,-0.0197503348100071,-0.013691452499619,0
ESFP_3,ESFP,5,AI,user,optimism,我想咨询订单服务的问题,1.0,1.0,0.1741924999459686,订单服务,0.0538563553144794,0.0588792649456818,0
ESFP_3,ESFP,6,AI,user,optimism,我想咨询订单服务的问题,0.9932580446097766,0.9782000764023124,0.1448326753487292,订单服务,0.0513024642756671,0.0588792649456818,0
ESFP_3,ESFP,7,AI,user,caring,请帮我处理订单服务相关事宜,0.999213531546108,1.0,0.1983866407799583,订单服务,0.0557394951429544,0.0588792649456818,0
ESFP_3,ESFP,8,AI,user,neutral,请帮我处理订单服务相关事宜,1.0,1.0,0.2528027296384544,订单服务,0.0604483814368423,0.0588792649456818,1
ESFP_3,ESFP,9,AI,user,joy,请帮我处理订单服务相关事宜,0.948302701302592,1.0,0.3446931513558631,订单服务,0.0617232494556365,0.0588792649456818,1
ESFP_4,ESFP,5,AI,user,excitement,我想咨询投诉处理的问题,0.9886625218224264,0.9644986178545673,0.3179841129035899,投诉处理,0.0546471587799433,0.0603906920238238,0
ESFP_4,ESFP,6,AI,user,neutral,请帮我处理投诉处理相关事宜,1.0,1.0,0.2892489832242145,投诉处理,0.0474265160405717,0.0603906920238238,0
ESFP_4,ESFP,7,AI,user,neutral,我想咨询投诉处理的问题,1.0,1.0,0.2342432752232033,投诉处理,0.0411075362544544,0.0603906920238238,0
ESFP_4,ESFP,8,AI,user,neutral,关于投诉处理我有疑问,1.0,1.0,0.2940702608275918,投诉处理,0.0480036663076671,0.0603906920238238,0
ESFP_4,ESFP,9,AI,user,excitement,请帮我处理投诉处理相关事宜,1.0,1.0,0.3375032162941502,投诉处理,0.0533721961746842,0.0603906920238238,0
ESFP_4,ESFP,10,AI,user,joy,我想咨询投诉处理的问题,1.0,1.0,0.351159437351367,投诉处理,0.0551231191084837,0.0603906920238238,0
ESFP_7,ESFP,5,AI,user,joy,请帮我处理投诉处理相关事宜,0.8956371612444837,1.0,0.4281054684565028,投诉处理,-0.0964853805544325,-0.0822621100160494,0
ESFP_5,ESFP,5,AI,user,excitement,我想咨询账户管理的问题,1.0,1.0,0.3936991627358904,账户管理,5730802825.341178,4584642260.272913,1
ESFP_5,ESFP,6,AI,user,excitement,请帮我处理账户管理相关事宜,1.0,1.0,0.394851901264714,账户管理,5730802825.341179,4584642260.272913,1
ESFP_5,ESFP,7,AI,user,amusement,关于账户管理我有疑问,0.9771674009972844,1.0,0.399230163343756,账户管理,5472092205.144315,4584642260.272913,1
ESFP_5,ESFP,8,AI,user,amusement,关于账户管理我有疑问,0.935362551011074,1.0,0.4723791703142582,账户管理,5013897167.889676,4584642260.272913,1
ESFP_5,ESFP,9,AI,user,excitement,我想咨询账户管理的问题,1.0,1.0,0.4889257072858009,账户管理,5730802825.341208,4584642260.272913,1
ESFP_5,ESFP,10,AI,user,excitement,关于账户管理我有疑问,0.9976889269895124,1.0,0.4108354021864723,账户管理,5704344826.417947,4584642260.272913,1
ESFP_5,ESFP,11,AI,user,joy,请帮我处理账户管理相关事宜,1.0,1.0,0.3967427604704575,账户管理,5730802825.341179,4584642260.272913,1
ESFP_6,ESFP,5,AI,user,neutral,请帮我处理账户管理相关事宜,1.0,1.0,0.2895278345972885,账户管理,-0.04427038817859,-0.0358574293039792,0
ESFP_6,ESFP,6,AI,user,optimism,关于账户管理我有疑问,1.0,1.0,0.1987181170699417,账户管理,-0.0418870542301165,-0.0358574293039792,0
ESFP_6,ESFP,7,AI,user,optimism,关于账户管理我有疑问,1.0,1.0,0.191363217127913,账户管理,-0.0416954411185159,-0.0358574293039792,0
ESFP_6,ESFP,8,AI,user,neutral,请帮我处理账户管理相关事宜,1.0,1.0,0.2651572936358908,账户管理,-0.0436275924238022,-0.0358574293039792,0
ESFP_6,ESFP,9,AI,user,neutral,关于账户管理我有疑问,1.0,1.0,0.2335892159400807,账户管理,-0.0427984253329533,-0.0358574293039792,0
ESFP_6,ESFP,10,AI,user,neutral,关于账户管理我有疑问,0.9125106507960402,1.0,0.2950504958668833,账户管理,-0.0402822328863098,-0.0358574293039792,0
ESFP_6,ESFP,11,AI,user,excitement,关于账户管理我有疑问,0.9292971124850916,1.0,0.3663674419018911,账户管理,-0.0428769599014523,-0.0358574293039792,0
ESFP_8,ESFP,5,AI,user,neutral,哇这个配置听起来很棒诶！我最想知道它的续航表现，能详细说说吗？,0.8892956312806068,0.711014549899155,0.2612068928500713,产品咨询,0.9224189065619768,0.770631194017968,1
ESFP_8,ESFP,6,AI,user,caring,关于产品咨询我有疑问,0.9238245618708516,0.8151258116660925,0.1627649599787842,产品咨询,0.976247371286454,0.770631194017968,1
ESFP_9,ESFP,5,AI,user,amusement,我想咨询账户管理的问题,0.9830098131012716,1.0,0.3174036453132375,账户管理,-0.0274135917199155,-0.0193746476831611,0
ESFP_9,ESFP,6,AI,user,amusement,关于账户管理我有疑问,1.0,1.0,0.3171460830182281,账户管理,-0.0277806425359881,-0.0193746476831611,0
ESFP_9,ESFP,7,AI,user,neutral,请帮我处理账户管理相关事宜,0.9476475130170812,1.0,0.2989642958414714,账户管理,-0.0265953067919519,-0.0193746476831611,0
ESFJ_0,ESFJ,5,AI,user,joy,我想咨询投诉处理的问题,0.688755282470124,0.7534629671562294,0.4971982631051718,投诉处理,-0.0611002084286864,-0.0466449048400123,0
ESFJ_0,ESFJ,6,AI,user,amusement,关于投诉处理我有疑问,0.658526937207119,0.7020331874093464,0.5037743082306293,投诉处理,-0.0547986419787115,-0.0466449048400123,0
ESFJ_2,ESFJ,5,AI,user,determination,太感谢您的专业帮助了！我一定会按照您指导的方法操作，遇到问题再及时请教您！,0.745695198359883,0.5212054567523534,0.5906553901080349,技术支持,-0.0141074352230407,-0.0092414441636213,0
ESFJ_2,ESFJ,6,AI,user,pride,真的太感谢您了！您的专业指导让我很有成就感，现在问题完美解决啦！,0.7689221824001897,0.5708645612406515,0.5633192898326628,技术支持,-0.0150285246281629,-0.0092414441636213,0
ESFJ_1,ESFJ,5,AI,user,excitement,太棒了！这些安全功能听起来真的很让人放心呢！能麻烦您详细介绍一下操作流程吗？非常感谢您的耐心解答！,0.6009865059157264,0.682561739984352,0.5424817702357203,产品咨询,-0.0117450863580166,-0.0056568485582876,0
ESFJ_1,ESFJ,6,AI,user,amusement,关于产品咨询我有疑问,0.6452266544099463,0.7313584828751842,0.3766534666914269,产品咨询,-0.0259225093307932,-0.0056568485582876,0
ESFJ_1,ESFJ,7,AI,user,amusement,请帮我处理产品咨询相关事宜,0.6075661460205877,0.7142035299007148,0.4337481630868391,产品咨询,-0.0204865001230007,-0.0056568485582876,0
ESFJ_1,ESFJ,8,AI,user,amusement,关于产品咨询我有疑问,0.7105361979983063,0.7468858807070093,0.5159310349865973,产品咨询,-0.0183190015655601,-0.0056568485582876,0
ESFJ_1,ESFJ,9,AI,user,amusement,哈哈，你们的服务真是太贴心了！其实我还想了解一下这款产品的保修政策，能麻烦您详细说说吗？,0.749152822684233,0.7827418738925909,0.5049682064952459,产品咨询,-0.022399055472143,-0.0056568485582876,0
ESFJ_4,ESFJ,5,AI,user,neutral,请帮我处理售后服务相关事宜,0.579860090618849,0.6156127308196585,0.3903549520119481,售后服务,0.0046306009728956,0.0057110117103577,0
ESFJ_4,ESFJ,6,AI,user,excitement,关于售后服务我有疑问,0.6696627684260753,0.6491062816096469,0.4829642911156807,售后服务,0.0045488867962334,0.0057110117103577,0
ESFJ_4,ESFJ,7,AI,user,joy,太感谢你们贴心的服务了！工程师的专业态度让我很放心，期待这次维修能顺利完成。祝你们工作顺利！,0.7925469813939319,0.619490887038101,0.3710197470609925,售后服务,0.0029736128250822,0.0057110117103577,0
ESFJ_6,ESFJ,5,AI,user,amusement,哈哈，你们的服务真是太棒了！让我想想还有什么需要帮忙的...对了，能告诉我怎么设置账户安全提醒吗？,0.8383048935008615,0.7569587853921925,0.5868722807455565,账户管理,-0.0247934616597665,-0.016150201576596,0
ESFJ_6,ESFJ,6,AI,user,joy,太感谢您的细心指导了！我这就去安全中心设置提醒功能，有您这么贴心的客服真是让人放心呢！,0.8501475493486852,0.7203135102443061,0.677353314393811,账户管理,-0.0251359656549933,-0.016150201576596,0
ESFJ_6,ESFJ,7,AI,user,amusement,我想咨询账户管理的问题,0.8899335113661616,0.82439637724676,0.6643386504989548,账户管理,-0.0292787916257677,-0.016150201576596,0
ESFJ_5,ESFJ,5,AI,user,amusement,关于投诉处理我有疑问,0.7784459917149138,0.7667196556666716,0.4063383384838908,投诉处理,-0.0041130244679562,-0.000414792510382,0
ESFJ_5,ESFJ,6,AI,user,excitement,太感谢您的及时跟进啦！听到问题正在处理中真的让我很期待，相信贵公司一定能给出完美的解决方案！,0.8224210555244619,0.7997543181129103,0.4956882995054998,投诉处理,-0.0033076511408453,-0.000414792510382,0
ESFJ_5,ESFJ,7,AI,user,excitement,太感谢你们的用心服务了！听到这个好消息我真的很开心，期待问题能尽快圆满解决！,0.9103069736513868,0.8265524877463964,0.518647030945977,投诉处理,-0.0038822857695926,-0.000414792510382,0
ESFJ_5,ESFJ,8,AI,user,joy,太感谢你们的用心服务了！你们的专业态度让我特别感动，相信问题一定能得到完美解决！,1.0,0.8686768458136375,0.5145288781057703,投诉处理,-0.0052233425063605,-0.000414792510382,0
ESFJ_5,ESFJ,9,AI,user,joy,关于投诉处理我有疑问,0.990076252001318,0.9655805308990764,0.6226149918166692,投诉处理,-0.0042970560803297,-0.000414792510382,0
ESFJ_7,ESFJ,5,AI,user,joy,太感谢您的专业介绍了！听起来A款真的很适合我们团队呢，能请您再详细说说它的协作功能吗？,0.826914546821675,0.7613338934096857,0.6127533372627334,产品咨询,0.0956466129007296,0.0794602523388459,1
ESFJ_7,ESFJ,6,AI,user,excitement,太棒了！这个协作功能听起来正是我们团队需要的！能请您详细说说多人实时编辑具体怎么操作吗？真的很期待能改善我们的团队合作效率呢！,0.7545695323529703,0.8919497514980815,0.5352782962839296,产品咨询,0.0482440866011402,0.0794602523388459,0
ESFJ_8,ESFJ,5,AI,user,joy,请帮我处理投诉处理相关事宜,0.8011328664817504,0.7056239338256172,0.5632931047949628,投诉处理,-0.0114755817529017,-0.0059062120924995,0
ESFJ_8,ESFJ,6,AI,user,joy,请帮我处理投诉处理相关事宜,0.7879766461689807,0.7467421104023556,0.5885728583180704,投诉处理,-0.0105052063335093,-0.0059062120924995,0
ESFJ_8,ESFJ,7,AI,user,joy,太感谢你们这么贴心的服务了！你们的专业态度让我特别感动，相信问题一定能圆满解决！,0.7860309681642297,0.7606065627029929,0.5947300956273031,投诉处理,-0.0103082682563633,-0.0059062120924995,0
ESFJ_9,ESFJ,5,AI,user,joy,太感谢您这么贴心的服务啦！我现在遇到的问题是软件突然闪退，能请您指导我如何解决吗？,0.8889226874440587,0.7217189082679394,0.5136381717699317,技术支持,0.0452753279743999,0.0331752929785371,1
ESFJ_9,ESFJ,6,AI,user,excitement,太感谢您这么专业又贴心的服务啦！我这就按您说的重启试试看，有您帮忙真是太让人放心了！,0.8372096700542566,0.7613116999453378,0.5395890953291813,技术支持,0.0635474698662304,0.0331752929785371,1
ESFJ_9,ESFJ,7,AI,user,joy,关于技术支持我有疑问,0.9146391304033564,0.8096347041767087,0.5140033052829761,技术支持,0.0549558847573339,0.0331752929785371,1
ESTP_1,ESTP,5,AI,user,amusement,请帮我处理产品咨询相关事宜,1.0,1.0,0.8939651663790555,产品咨询,-1268670283.023721,-1014936226.4200022,0
ESTP_1,ESTP,6,AI,user,amusement,太棒了！直接给我看最酷的那个功能演示吧，我已经等不及要动手试试了！,1.0,1.0,0.9554348724604408,产品咨询,-1268670283.023089,-1014936226.4200022,0
ESTP_1,ESTP,7,AI,user,amusement,太酷了！这功能简直是为我量身定做的，赶紧告诉我怎么上手操作！,1.0,1.0,0.9011477942731856,产品咨询,-1268670283.0236485,-1014936226.4200022,0
ESTP_1,ESTP,8,AI,user,joy,太棒了！直接给我演示最实用的操作技巧吧，我想马上体验看看效果！,1.0,1.0,0.9043350322171584,产品咨询,-1268670283.0236156,-1014936226.4200022,0
ESTP_2,ESTP,5,AI,user,amusement,太棒了！我就喜欢你们这种干脆利落的办事风格，这下可以提前拆快递了，爽！,1.0,1.0,0.855168295866675,订单服务,-0.0457591282698911,-0.0312472972674646,0
ESTP_2,ESTP,6,AI,user,excitement,太棒了！我已经等不及要拆快递了！你们效率真高，下次还来你家买！,1.0,1.0,0.9230362186540028,订单服务,-0.0499416347589537,-0.0312472972674646,0
ESTP_2,ESTP,7,AI,user,joy,太棒了！你们效率真高，下次购物还找你们！,1.0,1.0,0.9901299198221544,订单服务,-0.0542402641363326,-0.0312472972674646,0
ESTP_2,ESTP,8,AI,user,amusement,哈哈，你们这效率简直了！下次有问题还找你们，靠谱！,1.0,1.0,1.0,订单服务,-0.054886375101696,-0.0312472972674646,0
ESTP_0,ESTP,5,AI,user,amusement,太棒了！我就喜欢你们这种干脆利落的办事风格，明天见！,1.0,1.0,0.9478308421026752,售后服务,0.0419501970127731,0.0333385215392285,1
ESTP_0,ESTP,6,AI,user,amusement,太给力了！这效率简直像开了挂，明天见！,1.0,1.0,0.9247336475258752,售后服务,0.0423964787754052,0.0333385215392285,1
ESTP_0,ESTP,7,AI,user,joy,太棒了！我就喜欢你们这种干脆利落的办事效率，明天见！,1.0,1.0,0.8921998418137167,售后服务,0.0431260077941033,0.0333385215392285,1
ESTP_0,ESTP,8,AI,user,amusement,太棒了！明天见，记得带上你们最麻利的维修小哥啊，修完我请他喝奶茶！,1.0,1.0,0.8922987343983587,售后服务,0.0431236114095929,0.0333385215392285,1
ESTP_0,ESTP,9,AI,user,amusement,太棒了！我就喜欢你们这种干脆利落的办事风格。明天让工程师直接来，顺便给我讲讲这设备还有什么隐藏功能！,1.0,1.0,1.0,售后服务,0.041161124100498,0.0333385215392285,1
ESTP_3,ESTP,5,AI,user,excitement,我想咨询投诉处理的问题,1.0,1.0,0.8397244983982508,投诉处理,0.05917972778897,0.0522809601720638,1
ESTP_5,ESTP,5,AI,user,excitement,太棒了！先给我讲讲权限申请吧，我想马上试试看能解锁哪些新功能！,1.0,1.0,1.0,账户管理,-0.0214842339531955,-0.0099920210148893,0
ESTP_4,ESTP,5,AI,user,joy,太棒了！你们效率真高，问题解决得又快又好！下次有问题还找你们！,1.0,1.0,0.921242177444109,技术支持,-0.0378617680094756,-0.0246695471569261,0
ESTP_4,ESTP,6,AI,user,excitement,太棒了！你们效率真高！下次有问题我还找你们，现在我要去试试新功能了！,1.0,1.0,0.8561378217876491,技术支持,-0.0353263182589572,-0.0246695471569261,0
ESTP_4,ESTP,7,AI,user,excitement,太棒了！你们效率真高，新功能用起来超爽！下次有问题还找你们！,1.0,1.0,0.7824461585769344,技术支持,-0.0325345788040622,-0.0246695471569261,0
ESTP_4,ESTP,8,AI,user,amusement,哈哈这功能太给力了！改天请你们团队喝咖啡，顺便聊聊还能整出什么更酷的新花样！,1.0,1.0,0.8495334752838983,技术支持,-0.0350727339703028,-0.0246695471569261,0
ESTP_4,ESTP,9,AI,user,joy,太棒了！我就喜欢你们这种高效创新的团队！下次更新有什么酷炫新功能提前透露下呗？,1.0,1.0,0.9531978586910702,技术支持,-0.0391299575551191,-0.0246695471569261,0
ESTP_6,ESTP,5,AI,user,excitement,太棒了！我就喜欢你们这种高效的服务！等不及要收到包裹了，记得给我发物流更新哈！,1.0,1.0,0.8867567509131012,订单服务,-0.0273435325493355,-0.0180201069448038,0
ESTP_8,ESTP,5,AI,user,excitement,太棒了！我就喜欢你们这种干脆利落的办事风格，2小时后等你们好消息！,1.0,1.0,0.8654582000623031,投诉处理,-0.0256744137718209,-0.0159594688560391,0
ESTP_9,ESTP,5,AI,user,joy,太棒了！我就喜欢这种爽快的购物体验，赶紧发货吧，已经等不及要试试新功能了！,1.0,1.0,0.8538145658329284,产品咨询,0.1910833448611892,0.1512360856180833,1
ESTP_9,ESTP,6,AI,user,joy,太棒了！我就喜欢这种高效率！已经等不及要体验新功能了，到手马上测试给你们反馈！,1.0,1.0,0.9253701231693824,产品咨询,0.1849420469143609,0.1512360856180833,1
ESTP_9,ESTP,7,AI,user,amusement,哈哈，这产品太对我胃口了！现在就下单，等我实测完给你们发个酷炫的使用视频！,1.0,1.0,0.9373543753799588,产品咨询,0.1839261294634383,0.1512360856180833,1
ESTP_9,ESTP,8,AI,user,joy,太棒了！我已经等不及要试试这个产品了，感觉会超级好用！,1.0,1.0,1.0,产品咨询,0.1786746124522266,0.1512360856180833,1
ESTP_9,ESTP,9,AI,user,excitement,太棒了！直接告诉我怎么买吧，我已经等不及要体验这个产品了！,1.0,1.0,0.9816740164530504,产品咨询,0.1802006076958426,0.1512360856180833,1
ESTP_9,ESTP,10,AI,user,joy,太棒了！现在就下单！优惠活动有哪些？快给我说说最划算的购买方案！,1.0,1.0,1.0,产品咨询,0.1786746124522266,0.1512360856180833,1
ESTP_9,ESTP,11,AI,user,amusement,哈哈，这优惠听着就带劲！快说说套餐三具体包含啥，我马上就想下单了！,1.0,1.0,1.0,产品咨询,0.1786746124522266,0.1512360856180833,1
ESTJ_0,ESTJ,5,AI,user,excitement,太好了！你们的服务效率让我很满意。请帮我确认下新订单的发货时间，我需要提前安排收货事宜。,1.0,1.0,1.0,订单服务,0.0229552633099999,0.0192520525948844,1
ESTJ_0,ESTJ,6,AI,user,joy,非常感谢！请务必在物流单号生成后立即发送给我，我需要提前安排好收货时间。你们的效率让我很满意！,1.0,1.0,1.0,订单服务,0.0229552633099999,0.0192520525948844,1
ESTJ_0,ESTJ,7,AI,user,amusement,效率真高！期待收到商品，请确保物流信息准时发送，这样我可以提前安排好签收时间。,1.0,1.0,1.0,订单服务,0.0229552633099999,0.0192520525948844,1
ESTJ_0,ESTJ,8,AI,user,joy,非常好！请确保物流信息准时更新，我会在收到系统通知后第一时间确认签收时间。,1.0,1.0,1.0,订单服务,0.0229552633099999,0.0192520525948844,1
ESTJ_0,ESTJ,9,AI,user,joy,非常感谢！你们的专业服务让我很放心。请务必在承诺时效内完成配送，我会持续关注物流更新。,1.0,1.0,1.0,订单服务,0.0229552633099999,0.0192520525948844,1
ESTJ_0,ESTJ,10,AI,user,excitement,非常好！请务必在承诺的48小时内完成配送，我会持续关注物流更新。期待准时收到商品！,1.0,1.0,1.0,订单服务,0.0229552633099999,0.0192520525948844,1
ESTJ_0,ESTJ,11,AI,user,excitement,太好了！请务必确保48小时内准时送达，我会准时查收并检查物流更新。感谢你们高效的服务！,1.0,1.0,1.0,订单服务,0.0229552633099999,0.0192520525948844,1
ESTJ_4,ESTJ,5,AI,user,excitement,非常感谢您专业高效的服务！资料整理得非常清晰到位。我这就立即查看，如有需要会第一时间联系您。继续保持这样优质的服务水准！,1.0,1.0,1.0,产品咨询,0.0514727075844847,0.0463641400903298,1
ESTJ_2,ESTJ,5,AI,user,amusement,太棒了！你们的效率让我很惊喜。周五9点我会准时等候，期待工程师的专业服务。,1.0,1.0,1.0,售后服务,0.1731827390897855,0.1428006799682247,1
ESTJ_2,ESTJ,6,AI,user,amusement,太棒了！周五9点准时见。你们的效率让我很惊喜，看来我的选择没错。期待工程师的专业服务！,1.0,1.0,1.0,售后服务,0.1731827390897855,0.1428006799682247,1
ESTJ_2,ESTJ,7,AI,user,excitement,太棒了！周五9点准时见。请工程师提前15分钟到达并携带完整的维修工具清单，确保一次性解决问题。,1.0,1.0,1.0,售后服务,0.1731827390897855,0.1428006799682247,1
ESTJ_2,ESTJ,8,AI,user,amusement,太棒了！你们的专业高效让我很满意。请确保工程师准时到达，我这边会提前准备好所有相关资料。,1.0,1.0,1.0,售后服务,0.1731827390897855,0.1428006799682247,1
ESTJ_2,ESTJ,9,AI,user,amusement,很好！我已经将产品序列号和发票都整理好了放在桌面。工程师上门时请直接按门铃，我会立即配合完成维修。效率第一！,1.0,1.0,1.0,售后服务,0.1731827390897855,0.1428006799682247,1
ESTJ_2,ESTJ,10,AI,user,amusement,效率就是生产力！你们的专业服务让我很满意，期待明天10点准时解决问题。继续保持这种工作水准！,1.0,1.0,1.0,售后服务,0.1731827390897855,0.1428006799682247,1
ESTJ_6,ESTJ,5,AI,user,excitement,关于投诉处理我有疑问,1.0,1.0,1.0,投诉处理,-0.0289642600593545,-0.0131261477592338,0
ESTJ_6,ESTJ,6,AI,user,amusement,效率不错！这份方案的结构很清晰，赔偿条款也写得明明白白。看来你们确实把我的时间节点当回事了，继续保持这种工作态度！,1.0,1.0,1.0,投诉处理,-0.0289642600593545,-0.0131261477592338,0
ESTJ_5,ESTJ,5,AI,user,amusement,关于技术支持我有疑问,1.0,1.0,1.0,技术支持,-0.053900556523826,-0.0376201476753639,0
ESTJ_5,ESTJ,6,AI,user,amusement,请帮我处理技术支持相关事宜,1.0,1.0,1.0,技术支持,-0.053900556523826,-0.0376201476753639,0
ESTJ_5,ESTJ,7,AI,user,amusement,请帮我处理技术支持相关事宜,1.0,1.0,1.0,技术支持,-0.053900556523826,-0.0376201476753639,0
ESTJ_5,ESTJ,8,AI,user,excitement,我想咨询技术支持的问题,1.0,1.0,1.0,技术支持,-0.053900556523826,-0.0376201476753639,0
ESTJ_5,ESTJ,9,AI,user,excitement,请帮我处理技术支持相关事宜,1.0,1.0,1.0,技术支持,-0.053900556523826,-0.0376201476753639,0
ESTJ_5,ESTJ,10,AI,user,joy,非常高效专业的安排！我会提前10分钟做好准备，期待与技术团队准时对接解决问题。,1.0,1.0,1.0,技术支持,-0.053900556523826,-0.0376201476753639,0
ESTJ_7,ESTJ,5,AI,user,excitement,太好了！既然效率这么高，请帮我确认一下订单12345的物流状态，我需要确保能在周五前准时收货。,1.0,1.0,1.0,订单服务,0.1237239058458885,0.103029259041165,1
ESTJ_7,ESTJ,6,AI,user,joy,非常好！请务必确保周四准时送达，我会在当天下午3点前确认收货情况。感谢你们高效的服务！,1.0,1.0,1.0,订单服务,0.1237239058458885,0.103029259041165,1
ESTJ_7,ESTJ,7,AI,user,joy,非常感谢你们高效专业的服务！请务必确保周四准时送达，我会准时查收。期待与你们继续保持愉快的合作！,1.0,1.0,1.0,订单服务,0.1237239058458885,0.103029259041165,1
ESTJ_7,ESTJ,8,AI,user,joy,非常感谢！你们的处理效率让我非常满意。我会准时查收并核对物流信息，期待继续保持这样高效的合作。,1.0,1.0,1.0,订单服务,0.1237239058458885,0.103029259041165,1
ESTJ_7,ESTJ,9,AI,user,excitement,非常感谢你们高效专业的服务！我已经把这次愉快的购物体验分享给了身边的朋友。期待下次继续合作！,1.0,1.0,1.0,订单服务,0.1237239058458885,0.103029259041165,1
ESTJ_9,ESTJ,5,AI,user,excitement,非常感谢！你们的专业服务确实提升了我的工作效率。我会继续关注产品更新，期待下次合作！,0.979478482083458,1.0,1.0,技术支持,0.0324003607582956,0.0292935487257617,1
ESTJ_9,ESTJ,6,AI,user,excitement,非常感谢！请将本次解决方案整理成操作指南，方便我们团队后续参考。期待下次合作！,1.0,1.0,1.0,技术支持,0.0318158234417694,0.0292935487257617,1
ISFP_1,ISFP,5,AI,user,approval,关于投诉处理我有疑问,0.2446652385246395,0.1345574661134271,0.0713614975673171,投诉处理,0.0002055986477987,0.0009373297525049,0
ISFP_1,ISFP,6,AI,user,love,我想咨询投诉处理的问题,0.207172472021417,0.0852471981975723,0.0199561116098595,投诉处理,0.0001230531186878,0.0009373297525049,0
ISFP_1,ISFP,7,AI,user,love,我想咨询投诉处理的问题,0.2169875825460562,0.0262750851437,-0.024916549790531,投诉处理,0.0001276101352453,0.0009373297525049,0
ISFP_1,ISFP,8,AI,user,love,我想咨询投诉处理的问题,0.1174424097128618,-0.022597532543644,-0.008454252267016,投诉处理,3.980833722269917e-05,0.0009373297525049,0
ISFP_1,ISFP,9,AI,user,love,我想咨询投诉处理的问题,0.1332216726670771,-0.0556211337949751,0.0662131361168053,投诉处理,0.0001053585526059,0.0009373297525049,0
ISFP_0,ISFP,5,AI,user,approval,谢谢你们的贴心服务！我想咨询一下配件更换的具体流程，能麻烦详细说明吗？,0.326239880859281,0.0375867058628318,0.128425549651982,售后服务,0.0065541824886812,0.0098430962285961,0
ISFP_0,ISFP,6,AI,user,love,我想咨询售后服务的问题,0.280676976116928,0.0703182783319918,0.100844403331915,售后服务,0.0050815085827529,0.0098430962285961,0
ISFP_0,ISFP,7,AI,user,love,我想咨询售后服务的问题,0.2801893406652258,0.0992699283312561,0.0221113099180346,售后服务,0.0038094176189887,0.0098430962285961,0
ISFP_0,ISFP,8,AI,user,love,请帮我处理售后服务相关事宜,0.2082324720073142,0.1156760117536983,0.0031581772152877,售后服务,0.0022553807860984,0.0098430962285961,0
ISFP_0,ISFP,9,AI,user,approval,关于售后服务我有疑问,0.1964712243489969,0.1314597338513157,0.0449897182794126,售后服务,0.0028061798736297,0.0098430962285961,0
ISFP_0,ISFP,10,AI,user,love,请帮我处理售后服务相关事宜,0.2033247591060566,0.1006253017124465,0.0921116120292175,售后服务,0.0034451506790983,0.0098430962285961,0
ISFP_2,ISFP,5,AI,user,neutral,好的，谢谢你的耐心解答，我会再考虑看看的。,0.0797949915914881,0.0065755391265714,0.026326495109383,产品咨询,2.635234311204229e-05,0.0005111737832768,0
ISFP_2,ISFP,6,AI,user,neutral,好的，谢谢你的耐心解答。我会再考虑一下，有需要的话会再来咨询的。,0.0958273176434402,-0.0008926103043227,-0.0670600249415853,产品咨询,3.057061242308316e-05,0.0005111737832768,0
ISFP_2,ISFP,7,AI,user,neutral,好的，谢谢你的耐心解答。我会再考虑一下，有需要的话再来咨询。,0.0779106582126718,0.0113248358353275,-0.0763260458613947,产品咨询,3.4672419374782896e-05,0.0005111737832768,0
ISFP_2,ISFP,8,AI,user,love,请帮我处理产品咨询相关事宜,0.112101957093859,0.0152344723180929,-0.0817827740386311,产品咨询,4.151955079176105e-05,0.0005111737832768,0
ISFP_3,ISFP,5,AI,user,love,关于投诉处理我有疑问,0.2185626975398681,0.0421782535718063,0.1635427009928071,投诉处理,-0.0001238596355553,-0.0007301285501708,1
ISFP_3,ISFP,6,AI,user,approval,关于投诉处理我有疑问,0.1043188634256981,0.0435345133133862,0.1089326636425134,投诉处理,-6.306075682887302e-05,-0.0007301285501708,1
ISFP_3,ISFP,7,AI,user,approval,我想咨询投诉处理的问题,0.1004868250433926,0.0632732139228275,0.1864892166007674,投诉处理,6.234489926791144e-05,-0.0007301285501708,1
ISFP_3,ISFP,8,AI,user,neutral,好的，谢谢你们的帮助。希望以后的服务都能保持这样的水准。,0.0898273393691302,0.1000584507374127,0.1539287665475709,投诉处理,-0.0001674497803147,-0.0007301285501708,1
ISFP_3,ISFP,9,AI,user,approval,请帮我处理投诉处理相关事宜,0.1013272268917982,0.0150318714167041,0.0344615773311648,投诉处理,-4.6818937283748015e-05,-0.0007301285501708,1
ISFP_4,ISFP,5,AI,user,approval,谢谢你们的耐心解答，我觉得这款产品挺不错的。我再考虑一下细节，有需要会再来咨询。,0.1854427790999651,0.0449069154394311,0.1618648849380664,产品咨询,0.0002076426974498,0.0005058396273497,0
ISFP_4,ISFP,6,AI,user,approval,好的，非常感谢您的耐心解答！我会好好考虑后再决定的。,0.1199709428982235,0.1186272206590188,0.0250986036011591,产品咨询,8.753162446161499e-05,0.0005058396273497,0
ISFP_4,ISFP,7,AI,user,neutral,好的，谢谢你的耐心解答。我再考虑一下，有需要会再联系你们的。,0.0876889362595597,0.1786463595335714,0.0718190821346188,产品咨询,0.0001219744957463,0.0005058396273497,0
ISFP_4,ISFP,8,AI,user,neutral,好的，谢谢你的耐心解答。我会再考虑一下，有需要再联系你们。,0.0730455753788697,0.1386903850957813,0.075985606734941,产品咨询,7.477120381040923e-05,0.0005058396273497,0
ISFP_4,ISFP,9,AI,user,neutral,好的，谢谢你的耐心解答，我会再考虑一下的。,0.0835481556969515,0.1122122926958291,0.0774097328586346,产品咨询,5.7336077090961545e-05,0.0005058396273497,0
ISFP_4,ISFP,10,AI,user,approval,好的，非常感谢您的耐心解答和贴心建议，我会再仔细考虑一下的。,0.1488363175520599,0.0924772689756419,0.0725466428321579,产品咨询,0.0001129220482627,0.0005058396273497,0
ISFP_5,ISFP,5,AI,user,neutral,好的，谢谢你们的帮助。如果有需要我会再联系的。,0.0614204856075285,0.0876026086170316,0.0967450254982717,售后服务,6.707362357893443e-05,0.0001389023970352,0
ISFP_5,ISFP,6,AI,user,neutral,好的，谢谢你们的帮助。如果以后遇到问题我会再联系你们的。,0.0227579037225354,0.0086783562937215,0.010644858092551,售后服务,2.3227533629317807e-06,0.0001389023970352,0
ISFP_5,ISFP,7,AI,user,neutral,我想咨询售后服务的问题,0.0468534460048496,0.0382517312547888,0.0299215080783374,售后服务,1.338624631898986e-05,0.0001389023970352,0
ISFP_5,ISFP,8,AI,user,neutral,好的，非常感谢您的帮助，祝您工作顺利！,0.0197323106545168,0.009256396592546,0.0482495130418791,售后服务,1.1397803374532947e-05,0.0001389023970352,0
ISFP_5,ISFP,9,AI,user,neutral,好的，非常感谢您的帮助，祝您工作顺利！,0.0326559429548439,0.0138316704611639,-0.0302428432457413,售后服务,3.101301735230961e-06,0.0001389023970352,0
ISFP_5,ISFP,10,AI,user,love,请帮我处理售后服务相关事宜,0.1210812080945096,-0.0427091647513903,-0.0338672883535684,售后服务,4.1204789977261775e-05,0.0001389023970352,0
ISFP_6,ISFP,5,AI,user,love,我想咨询账户管理的问题,0.1405632436182244,0.0400729196223334,0.1040674929178835,账户管理,9.786835083690344e-05,0.0004416155957727,0
ISFP_6,ISFP,6,AI,user,neutral,好的，谢谢你的帮助。如果之后还有问题我会再来咨询的。,0.0922840845119494,0.0268252403163612,0.0587652179502847,账户管理,3.90171377953376e-05,0.0004416155957727,0
ISFP_6,ISFP,7,AI,user,neutral,我想咨询账户管理的问题,0.0728434792377338,0.0389250635843175,0.035108192508519,账户管理,2.584462463671337e-05,0.0004416155957727,0
ISFP_6,ISFP,8,AI,user,neutral,好的，谢谢你的帮助。祝你也度过愉快的一天。,0.0332467301030184,0.0151055930875866,0.0774378223028815,账户管理,1.8470367964260472e-05,0.0004416155957727,0
ISFP_7,ISFP,5,AI,user,approval,关于账户管理我有疑问,0.3737805798355866,0.0872771668691463,0.1025879073706722,账户管理,0.0007980497425482,0.001283946630319,0
ISFP_7,ISFP,6,AI,user,love,关于账户管理我有疑问,0.3521811228087174,0.1769374824413917,0.0795126196324254,账户管理,0.0008741977056983,0.001283946630319,0
ISFP_7,ISFP,7,AI,user,love,我想咨询账户管理的问题,0.3414762208677486,0.0869362810658746,0.115799416073699,账户管理,0.0006650191726632,0.001283946630319,0
ISFP_7,ISFP,8,AI,user,love,我想咨询账户管理的问题,0.2255391289595024,0.0276069800921409,-0.0111319508861831,账户管理,0.0003033995256345,0.001283946630319,0
ISFP_7,ISFP,9,AI,user,approval,我想咨询账户管理的问题,0.1652825409452378,0.0327687549832844,-0.0079149339446307,账户管理,0.0001718036023737,0.001283946630319,0
ISFP_7,ISFP,10,AI,user,neutral,请帮我处理账户管理相关事宜,0.0701706532091142,0.0526418357025238,-0.0471208126156104,账户管理,6.623600530600116e-05,0.001283946630319,0
ISFJ_0,ISFJ,5,AI,user,love,非常感谢您耐心细致的帮助！您的专业服务让我感到非常安心，祝您工作愉快。,0.2865764546246192,0.226086767582866,0.1281487693589194,账户管理,0.0013241429897648,0.0014632252661307,0
ISFJ_0,ISFJ,6,AI,user,love,关于账户管理我有疑问,0.3398763001042325,0.172599418937051,0.1064062335893984,账户管理,0.0012912136197479,0.0014632252661307,0
ISFJ_0,ISFJ,7,AI,user,love,关于账户管理我有疑问,0.3017505558002376,0.1393489599290769,0.0860145410681824,账户管理,0.0009827750038106,0.0014632252661307,0
ISFP_9,ISFP,5,AI,user,love,请帮我处理订单服务相关事宜,0.2369413020672387,0.0346837721663748,0.0341745611371568,订单服务,0.0008736047969764,0.0015633144450543,0
ISFP_9,ISFP,6,AI,user,love,关于订单服务我有疑问,0.2081259279801454,0.0533271117630092,0.0451192400287713,订单服务,0.0007274135945084,0.0015633144450543,0
ISFP_9,ISFP,7,AI,user,approval,关于订单服务我有疑问,0.1933144469243991,0.0726934303674222,-0.0323859906106162,订单服务,0.0009407324667185,0.0015633144450543,0
ISFP_9,ISFP,8,AI,user,approval,请帮我处理订单服务相关事宜,0.1260363956639063,0.0835626532101276,-0.0357747303565772,订单服务,0.000546030955311,0.0015633144450543,0
ISFP_9,ISFP,9,AI,user,approval,关于订单服务我有疑问,0.162950981205804,-0.0024826037892834,0.065024313969256,订单服务,0.0002569656538523,0.0015633144450543,0
ISFP_9,ISFP,10,AI,user,love,关于订单服务我有疑问,0.1558616650961327,-0.0404715610783582,0.0340001289152158,订单服务,0.0001806763593309,0.0015633144450543,0
ISFJ_1,ISFJ,5,AI,user,admiration,非常感谢您如此专业贴心的服务！你们的细致负责让我感到特别安心，祝您工作顺利！,0.3106602152963589,0.302420224656025,0.1206558221755089,账户管理,-0.0036207341000875,-0.0027360109001726,0
ISFJ_1,ISFJ,6,AI,user,approval,非常感谢您耐心细致的帮助！你们的服务让我很放心，祝您工作顺利！,0.3176963874794751,0.1972964757217676,0.1470473125733091,账户管理,-0.0019729895161203,-0.0027360109001726,1
ISFJ_1,ISFJ,7,AI,user,approval,非常感谢您的耐心帮助，你们的服务确实很周到细致。祝您工作顺利！,0.2631939734569745,0.1772572960891272,0.1542785687196037,账户管理,-0.0014921880908266,-0.0027360109001726,1
ISFJ_3,ISFJ,5,AI,user,approval,非常感谢您的详细说明，我会仔细核对收货信息的。您们的服务真的很周到，让我很放心。,0.2382884916634403,0.1428829996410097,0.1330625286677027,产品咨询,0.0005980325490486,0.0009746864383091,0
ISFJ_3,ISFJ,6,AI,user,approval,非常感谢您贴心的提醒！我会仔细核对收货信息，有需要再联系您。,0.1510536693420556,0.2654112011821212,0.0786393731701525,产品咨询,0.0008957689857719,0.0009746864383091,0
ISFJ_4,ISFJ,5,AI,user,love,关于账户管理我有疑问,0.3930814134920207,0.2243474241566627,0.2692183682802814,账户管理,0.0022714224447932,0.0028803788298983,0
ISFJ_4,ISFJ,6,AI,user,approval,非常感谢您耐心细致的帮助，让我感到很安心。祝您工作愉快！,0.2758112010361002,0.1945101010317264,0.23834865948131,账户管理,0.0012585536406419,0.0028803788298983,0
ISFJ_5,ISFJ,5,AI,user,approval,非常感谢您耐心细致的帮助！您的专业服务让我很安心，祝您工作顺利！,0.4063801741253179,0.0826573069414483,0.263010575691116,技术支持,0.0057216309787996,0.0052207186220847,1
ISFJ_6,ISFJ,5,AI,user,neutral,非常感谢您的耐心解答和细致服务！那我就放心等待商品送达了，祝您工作愉快！,0.4737000305971605,0.3104047445306502,0.2004905796178229,订单服务,-0.0058213769651719,-4.1103867506147866e-05,0
ISFJ_6,ISFJ,6,AI,user,neutral,非常感谢您的耐心解答和细致服务！我会继续关注物流动态，有问题再联系您。祝您工作愉快！,0.3954099677492066,0.3044261083229166,0.2418636172496975,订单服务,-0.001855867271162,-4.1103867506147866e-05,0
ISFJ_6,ISFJ,7,AI,user,approval,非常感谢您的耐心解答和细致服务！祝您工作愉快！,0.3748644907448591,0.2857198565618781,0.2844017985838736,订单服务,-0.0008057637367583,-4.1103867506147866e-05,0
ISFJ_8,ISFJ,5,AI,user,love,非常感谢客服人员如此贴心的跟进服务，你们的专业和细致让我很感动。期待配件能顺利送达。,0.2723685577587159,0.1967844003862063,0.0560085281078542,投诉处理,0.0007937255151063,0.0002198027511635,1
ISFJ_8,ISFJ,6,AI,user,love,非常感谢你们这么贴心的服务！看到你们这么认真负责的态度，我真的很感动。期待收到配件后继续使用你们的产品。,0.3219875865777492,0.159783240200599,0.1254729772043883,投诉处理,0.0008772252237124,0.0002198027511635,1
ISFJ_7,ISFJ,5,AI,user,love,非常感谢您这么贴心的服务！祝您工作顺利，也希望贵公司越来越好。,0.2082729910242287,0.0847235012759859,0.1885058916643908,订单服务,-0.0057528945350455,-0.0027729863755787,0
ISFJ_7,ISFJ,6,AI,user,love,我想咨询订单服务的问题,0.2135335437595527,0.1126202592269477,0.1886681737525682,订单服务,-0.0045429863134916,-0.0027729863755787,0
ISFJ_7,ISFJ,7,AI,user,love,非常感谢您耐心的帮助，我的问题已经解决了。祝您工作顺利，生活愉快！,0.1170665596089922,0.0343104966173439,0.1393902370803265,订单服务,-0.0030725999184029,-0.0027729863755787,0
ISFJ_7,ISFJ,8,AI,user,approval,非常感谢您耐心细致的服务！祝您工作顺利，期待下次继续合作。,0.1431862870584516,0.0262434172809873,0.1344651546415834,订单服务,-0.0043329997066547,-0.0027729863755787,0
ISFJ_7,ISFJ,9,AI,user,love,非常感谢您耐心细致的服务，让我感到非常温暖。祝您工作顺利，期待下次还能遇到像您这样贴心的客服！,0.1265620440683353,0.0334996885491715,0.0597986963806527,订单服务,-0.0017482284141438,-0.0027729863755787,1
ISTP_0,ISTP,5,AI,user,love,好的，产品性能确实不错，期待收货。,0.2050370757778332,0.2231830094016347,0.2314818679590053,产品咨询,0.0007958665304804,0.0013782043105253,0
ISTP_0,ISTP,6,AI,user,love,好的，收到后会测试性能。技术支持的联系方式发我一下。,0.1563509542698622,0.2671116954913034,0.2615244319547299,产品咨询,0.0010587153475558,0.0013782043105253,0
ISTP_0,ISTP,7,AI,user,approval,收到，技术支持号码已记下。有需要会联系。,0.2174022772141347,0.2370772333846582,0.3010722360444978,产品咨询,0.0009107554015207,0.0013782043105253,0
ISTP_2,ISTP,5,AI,user,neutral,散热效率数据不错。把完整规格表发我看下，特别是显卡功耗和温度表现。,0.373125919235618,0.4053045784789482,0.2979482628235314,产品咨询,-0.0009889572704639,0.0008956125585653,0
ISTP_2,ISTP,6,AI,user,approval,数据很详细，散热参数看起来不错。我再确认下满载时的噪音表现。,0.2846622936545741,0.1855173283375248,0.2949928344231355,产品咨询,-0.0002073789418473,0.0008956125585653,0
ISTP_2,ISTP,7,AI,user,approval,测试报告数据发我看看，顺便问下不同负载下的噪音变化曲线。,0.2116299569208124,0.2354718858456,0.2373820658592981,产品咨询,-4.79013264093111e-06,0.0008956125585653,0
ISTP_1,ISTP,5,AI,user,neutral,好的，明白了。我会留意系统通知，有问题再联系。,0.3185522414099336,0.5051498958303946,0.3978830363511349,订单服务,0.0215246110209885,0.0183962550643091,1
ISTP_1,ISTP,6,AI,user,neutral,好的，我自己会关注订单状态。有问题再联系。,0.2756516218643305,0.4868824456625508,0.4360155269138287,订单服务,0.0198610638384257,0.0183962550643091,1
ISTP_1,ISTP,7,AI,user,neutral,好的，明白了。有问题会再联系。,0.2751172973961028,0.4202078032171392,0.4769316579828396,订单服务,0.0158721319526028,0.0183962550643091,0
ISTP_1,ISTP,8,AI,user,neutral,好的，问题已解决。有需要再联系。,0.2603586757413274,0.3849596315942488,0.4299187107523343,订单服务,0.0133839853540876,0.0183962550643091,0
ISTP_1,ISTP,9,AI,user,neutral,好的，问题解决了。谢谢。,0.3562587691323554,0.3339664189042988,0.4116149455722824,订单服务,0.0117999812906032,0.0183962550643091,0
ISTP_1,ISTP,10,AI,user,neutral,好的，问题解决了。谢谢。,0.2763666979336663,0.3944550692212281,0.2489726764692011,订单服务,0.0131562979473777,0.0183962550643091,0
ISTP_3,ISTP,5,AI,user,neutral,明白了，我会检查错误代码和时间戳。有问题再联系。,0.3460393276293517,0.326245504219124,0.3334100579521469,技术支持,-0.01561094947195,-0.0123692370191576,0
ISTP_3,ISTP,6,AI,user,neutral,好的，问题已解决。感谢支持。,0.3320627212320877,0.3075058462672895,0.3133521207271287,技术支持,-0.0140633161453916,-0.0123692370191576,0
ISTP_4,ISTP,5,AI,user,neutral,好的，问题已解决。操作记录已保存，后续有问题再联系。,0.3175330542905908,0.4314023183644306,0.3521665431638546,技术支持,0.0095646443462074,0.0089920274807271,1
ISTP_4,ISTP,6,AI,user,neutral,好的，问题解决了。记录保存得很清楚，需要时再联系。,0.3148322265413457,0.4244842813827252,0.2981731581083182,技术支持,0.0076334197394994,0.0089920274807271,0
ISTP_4,ISTP,7,AI,user,neutral,好的，问题解决了。谢谢。,0.302729040477339,0.4353694606418705,0.2264453758565173,技术支持,0.0056651226534024,0.0089920274807271,0
ISTP_4,ISTP,8,AI,user,neutral,好的，问题解决了。有需要再联系。,0.2517859918699798,0.3330639365080222,0.2402730828722143,技术支持,0.0048568978852239,0.0089920274807271,0
ISTP_6,ISTP,5,AI,user,neutral,好的，有问题会再联系。,0.2226751846173186,0.4877470893194834,0.5359754849375558,订单服务,-0.0027521300369826,-0.000299204753641,0
ISTP_5,ISTP,5,AI,user,neutral,好的，我需要更换电池和屏幕配件，请提供具体报价和到货时间。,0.4229537028725745,0.326234730299594,0.32984740463792,售后服务,-0.0028129668463744,-0.0031389087482552,1
ISTP_5,ISTP,6,AI,user,neutral,好的，确认更换电池和屏幕配件，请帮我预约明天上午10点的维修。,0.3831087230827518,0.3339392816180439,0.3298963508868917,售后服务,-0.0037768286082205,-0.0031389087482552,0
ISTP_5,ISTP,7,AI,user,neutral,好的，我会准时到。维修时能顺便检查下主板接口吗？,0.1757653507923858,0.3475781265651768,0.426048506787219,售后服务,0.0012160918575004,-0.0031389087482552,1
ISTP_5,ISTP,8,AI,user,neutral,好的，检测时请重点检查主板接口的接触不良问题，我需要详细的检测报告。,0.1831950603281723,0.3089132033360285,0.4004219243533938,售后服务,0.0002896673546738,-0.0031389087482552,1
ISTP_7,ISTP,5,AI,user,neutral,好的，有问题再联系。,0.2950669423771661,0.4503717048464009,0.4280644311707626,订单服务,0.025733160367386,0.021755774869004,1
ISTP_7,ISTP,6,AI,user,neutral,好的，问题解决了。有需要再联系。,0.2783339390755303,0.3895119158681446,0.3773607642185614,订单服务,0.0199123320924842,0.021755774869004,0
ISTP_9,ISTP,5,AI,user,neutral,好的，问题已解决。有需要再联系。,0.2318835940726573,0.3575420247269514,0.3264594902845866,订单服务,0.0423285721563131,0.0405139668870499,1
ISTP_9,ISTP,6,AI,user,neutral,好的，问题解决了。谢谢。,0.2423763432275451,0.4018417543044345,0.2353707546061671,订单服务,0.0427510154055394,0.0405139668870499,1
ISTP_9,ISTP,7,AI,user,neutral,好的，问题解决了。谢谢。,0.2529469172569286,0.369022689446794,0.2393266975153101,订单服务,0.0373832542967473,0.0405139668870499,0
ISTP_8,ISTP,5,AI,user,neutral,好的，问题解决了。有需要再联系。,0.2191042021173717,0.3095055447160078,0.2427115905867831,账户管理,0.0015775410014259,0.0017431926783405,0
ISTP_8,ISTP,6,AI,user,approval,好的，问题解决了。,0.26289899328256,0.2552835974496452,0.1562517943027079,账户管理,0.0010215532078752,0.0017431926783405,0
ISTP_8,ISTP,7,AI,user,optimism,效率不错，问题解决了。下次有需要再来找你。,0.3248162732018543,0.3026264402160595,0.1315997180894095,账户管理,0.0012549217892502,0.0017431926783405,0
ISTP_8,ISTP,8,AI,user,admiration,效率很高，解决方案很实用。谢谢。,0.2356015241792458,0.3699871042244966,0.1994949085191106,账户管理,0.0017805070115114,0.0017431926783405,1
ISTP_8,ISTP,9,AI,user,neutral,好的，明白了。有问题会再联系。,0.1916684265796435,0.3288034857566682,0.2807364881389758,账户管理,0.0018301502034254,0.0017431926783405,1
ISTP_8,ISTP,10,AI,user,neutral,好的，有需要会再联系。,0.230030054780419,0.3231673951968195,0.2749722307359112,账户管理,0.0018200660964568,0.0017431926783405,1
ISTP_8,ISTP,11,AI,user,love,明白了，你们的服务确实高效可靠。下次有问题再联系。,0.1496717559638975,0.2414982536302986,0.2701780121271919,账户管理,0.0012318123444887,0.0017431926783405,0
ISTJ_0,ISTJ,5,AI,user,approval,感谢贵司的专业处理，我会按照约定时间查收相关文件。如有需要补充的材料请提前告知。,0.4015937657778506,0.2751283283210921,0.3869718424117542,投诉处理,-0.0022473421385188,-0.0011308613682026,0
ISTJ_0,ISTJ,6,AI,user,approval,感谢贵司的专业处理。我会按照约定时间查收文件，并保持通讯畅通以便及时接收补充材料通知。,0.3924661243511096,0.2615154966114977,0.3097764588396624,投诉处理,-0.002034102321686,-0.0011308613682026,0
ISTJ_0,ISTJ,7,AI,user,neutral,好的，我会按照约定时间查收文件。如有任何问题将及时联系贵司跟进处理。,0.4148219729942785,0.313527336873993,0.3111317261211724,投诉处理,-0.0024117341074594,-0.0011308613682026,0
ISTJ_0,ISTJ,8,AI,user,love,感谢贵司的专业处理。我会按时查收文件，如有疑问将及时反馈。祝工作顺利。,0.3746238613260452,0.2912785917913569,0.2347192196406368,投诉处理,-0.0019367278946873,-0.0011308613682026,0
ISTJ_1,ISTJ,5,AI,user,approval,好的，我会记录下这个处理时间节点，并留意邮件和短信通知。希望贵司能按时履行承诺。,0.1972496802171209,0.1823729228853591,0.7251074000965192,投诉处理,-0.0250179590578838,-0.0231682654191941,0
ISTJ_1,ISTJ,6,AI,user,approval,好的，感谢贵司规范的处理流程和明确的反馈机制。我会留意邮件和短信通知，期待问题得到妥善解决。,0.3271185647891437,0.1791112642127849,0.6926682761616407,投诉处理,-0.0165726880751876,-0.0231682654191941,1
ISTJ_1,ISTJ,7,AI,user,approval,好的，感谢贵司按照既定流程处理此事。我会继续跟进后续进展，期待问题得到妥善解决。,0.1985794856325323,0.143824771808283,0.6166331753282184,投诉处理,-0.0159823080967325,-0.0231682654191941,1
ISTJ_1,ISTJ,8,AI,user,love,感谢贵司的专业处理态度。我会持续关注后续进展，希望问题能得到妥善解决。,0.2203802487992847,0.0266154324265149,0.5995430972397103,投诉处理,-0.0074431631710077,-0.0231682654191941,1
ISTJ_2,ISTJ,5,AI,user,love,感谢客服专业高效的服务！我已详细记录服务编号SVC20231125，贵司规范化的售后流程让我非常放心。期待下次合作！,0.3129691100395891,0.2704386373209096,0.4627231506347827,售后服务,0.0039516020366902,0.0033100452413316,1
ISTJ_2,ISTJ,6,AI,user,love,非常感谢贵司专业规范的服务流程，服务编号SVC20231125已妥善记录。期待继续保持这样高效的合作。,0.3302182210657012,0.2415412820171733,0.4628922756106783,售后服务,0.0038342808817469,0.0033100452413316,1
ISTJ_2,ISTJ,7,AI,user,neutral,感谢客服的专业服务。我已记录服务编号SVC20231125，后续如有需要会及时联系。祝工作顺利。,0.3895594255690189,0.3348652892440428,0.4223128192949552,售后服务,0.0048509463060952,0.0033100452413316,1
ISTJ_2,ISTJ,8,AI,user,love,非常感谢您的专业服务！服务编号SVC20231125已妥善记录，后续如有需要会及时联系。祝工作顺利！,0.4090668468116039,0.2990010270306013,0.4617327068855992,售后服务,0.0048243864833273,0.0033100452413316,1
ISTJ_2,ISTJ,9,AI,user,neutral,感谢客服的专业服务。我已记录服务编号SVC20231125，后续如有需要会及时联系。祝工作顺利。,0.3677047104191243,0.4004558007138094,0.4519897980920085,售后服务,0.0058784393885786,0.0033100452413316,1
ISTJ_2,ISTJ,10,AI,user,love,非常感谢您专业高效的服务。我会妥善保管服务编号SVC20231125，后续有任何需求会及时联系。祝工作顺利！,0.3474505120250655,0.2604778435255089,0.4736891215118673,售后服务,0.0041719476693343,0.0033100452413316,1
ISTJ_2,ISTJ,11,AI,user,love,非常感谢贵司专业规范的售后服务流程。服务编号SVC20231125已妥善记录，这让我对后续服务充满信心。期待继续保持良好合作。,0.3763495715732907,0.1980486272696396,0.4914173422135823,售后服务,0.0041601069221272,0.0033100452413316,1
ISTJ_3,ISTJ,5,AI,user,love,非常感谢您专业高效的服务！我已详细记录操作流程，后续会按照规范管理账户。祝工作顺利！,0.3618233670535528,0.2039093523111402,0.4855288990232141,账户管理,0.0162087824806478,0.0157003688992472,1
ISTJ_3,ISTJ,6,AI,user,approval,非常感谢您专业高效的服务。我会按照您提供的操作流程妥善管理账户，后续如有需要会及时联系。,0.4205310603498772,0.1576900925377033,0.5066966103153189,账户管理,0.0185062225455723,0.0157003688992472,1
ISTJ_3,ISTJ,7,AI,user,approval,感谢贵司规范高效的服务流程，我会继续按照系统指引进行账户管理。祝工作顺利！,0.4261511714662684,0.1288470061661178,0.5315613640791272,账户管理,0.0192789656712588,0.0157003688992472,1
ISTJ_3,ISTJ,8,AI,user,approval,非常感谢贵司规范高效的服务流程。我会按照指引完成后续操作，如有疑问将及时联系。,0.4421201177377715,0.1994979844380357,0.4377567100786108,账户管理,0.0172984677391035,0.0157003688992472,1
ISTJ_3,ISTJ,9,AI,user,love,非常感谢你们专业规范的服务流程，让我能高效完成账户管理。期待继续保持这样优质的合作体验。,0.380385887895985,0.1293035093240595,0.3616392462355768,账户管理,0.0118783528176448,0.0157003688992472,0
ISTJ_3,ISTJ,10,AI,user,approval,感谢客服团队专业高效的服务，整个流程规范有序，完全符合我的预期。祝工作顺利！,0.4458761507110489,0.1950934397376257,0.3924223798836701,账户管理,0.0157646963040089,0.0157003688992472,1
ISTJ_3,ISTJ,11,AI,user,love,非常感谢你们专业规范的服务流程，让我感到非常安心。祝贵司业务蒸蒸日上！,0.4392240137131731,0.210456506844366,0.4624608797563398,账户管理,0.0182489651201637,0.0157003688992472,1
ISTJ_6,ISTJ,5,AI,user,approval,非常感谢客服的专业服务。我会继续关注物流动态，如有问题会及时联系。祝工作顺利。,0.3478725732268887,0.2872960556882538,0.55992055350291,订单服务,-0.0025322749667075,-0.0011843457673326,0
ISTJ_8,ISTJ,5,AI,user,approval,非常感谢贵司专业高效的服务安排。我会提前准备好相关购买凭证和产品信息，确保维修工作顺利进行。,0.313831904925211,0.2683515111798846,0.3106031536879234,售后服务,-0.0049548312696504,-0.0024400723695092,0
ISTJ_8,ISTJ,6,AI,user,love,非常感谢你们的专业服务。我已准备好所有保修单据和产品信息，期待维修工作顺利完成。,0.3483870340594162,0.2866194552520336,0.4054773258378253,售后服务,-0.0060780478657009,-0.0024400723695092,0
ISTJ_7,ISTJ,5,AI,user,love,非常感谢您专业高效的服务！我会继续关注订单进展，期待下次合作愉快。,0.4215679277204699,0.0715927499154774,0.3071583384080464,订单服务,0.0009896882541015,0.0021116432998689,0
ISTJ_7,ISTJ,6,AI,user,approval,感谢客服专业规范的跟进服务。我会继续关注订单状态，期待下次合作。,0.3125027312186967,0.0872420280561877,0.2611442737607085,订单服务,0.0006960503339313,0.0021116432998689,0
ISTJ_7,ISTJ,7,AI,user,love,感谢客服专业高效的服务，我会继续关注物流更新。祝工作顺利。,0.2926849848358485,0.1615467079854193,0.2808005373147479,订单服务,0.000919549622972,0.0021116432998689,0
ISTJ_7,ISTJ,8,AI,user,approval,好的，感谢客服的专业服务。我会继续关注物流信息，有问题会及时联系。,0.2623551392003984,0.0902140127413935,0.2337813625892718,订单服务,0.0005579447361842,0.0021116432998689,0
ISTJ_7,ISTJ,9,AI,user,approval,好的，感谢客服的专业服务。我会继续关注物流信息，有问题会及时联系。,0.1702291562658948,0.1317383887659785,0.2092126939787316,订单服务,0.0004725266632714,0.0021116432998689,0
ISTJ_7,ISTJ,10,AI,user,love,感谢客服专业高效的服务，我会继续关注物流信息。祝您工作顺利。,0.1822179247265458,0.1260725477470229,0.2202719080149121,订单服务,0.0004979624920062,0.0021116432998689,0
ISTJ_9,ISTJ,5,AI,user,approval,邮件已收到，资料整理得非常清晰完整，感谢您的专业服务。我会仔细核对后如有疑问再联系。,0.2153882323835136,0.1802004853398786,0.4222222375050308,产品咨询,0.0022025184671526,0.0029506675371629,0
ISTJ_9,ISTJ,6,AI,user,love,非常感谢您专业高效的服务。我已详细查阅资料，确认产品规格完全符合需求，准备下单采购。,0.238191799743322,0.2325147428627961,0.4328285484702904,产品咨询,0.0025417133085429,0.0029506675371629,0
ISTJ_9,ISTJ,7,AI,user,approval,感谢您的专业服务。我已确认产品规格符合要求，请告知具体采购流程和付款方式。,0.2676298433953576,0.2822075004336389,0.4859711037959573,产品咨询,0.0033105162695105,0.0029506675371629,1
ISTJ_9,ISTJ,8,AI,user,neutral,好的，请详细说明每个步骤的具体操作流程和注意事项，我需要确保完全按照规范执行。,0.2312422501933652,0.3236153288639216,0.5011967838174142,产品咨询,0.0036155738409881,0.0029506675371629,1
ISTJ_9,ISTJ,9,AI,user,neutral,好的，请按照标准操作流程详细说明产品规格参数和使用注意事项，我需要确认所有技术细节是否符合要求。,0.1585682127126535,0.3795371164897067,0.4212431179881661,产品咨询,0.0030897716436187,0.0029506675371629,1
ISTJ_9,ISTJ,10,AI,user,neutral,好的，请确保提供的数据完整准确，我需要核对产品规格是否符合使用要求。,0.1614593162031624,0.4382155626241977,0.3931352416043976,产品咨询,0.0032182031446708,0.0029506675371629,1
ISTJ_9,ISTJ,11,AI,user,neutral,好的，请提供详细的产品规格参数表，我需要核对尺寸和性能指标的具体数据。,0.1421853297213666,0.391730235521369,0.4252107578491712,产品咨询,0.0031805829736054,0.0029506675371629,1
